replicate,dpi,cal_day,pot,id,midgut_dissection,oocysts,glands_dissection,sporozoites_g1,sporozoites_g2,picture_mg,,,,,,,,
r04,6,21/03/2024,ci270,1,1,0,2,0,0,0,,,,,,,,
r04,6,21/03/2024,ci270,2,1,0,2,0,0,0,,,,,,,,
r04,6,21/03/2024,ci270,3,1,0,2,0,0,0,,,,,,,,
r04,6,21/03/2024,ci270,4,1,0,2,0,0,0,,,,,,,,
r04,6,21/03/2024,ci270,5,1,0,2,0,0,0,,,,,,,,
r04,6,21/03/2024,ci270,6,1,1,2,0,0,0,,,,,,,,
r04,6,21/03/2024,ki270,1,1,0,2,0,0,0,,,,,,,,
r04,6,21/03/2024,ki270,2,1,0,2,0,0,0,,,,,,,,
r04,6,21/03/2024,ki270,3,1,0,2,0,0,0,,,,,,,,
r04,6,21/03/2024,ki270,4,1,0,2,0,0,0,,,,,,,,
r04,6,21/03/2024,ci276,1,1,1,2,0,0,0,,,,,,,,
r04,6,21/03/2024,ci276,2,1,1,2,0,0,0,,,,,,,,
r04,6,21/03/2024,ci276,3,1,0,2,0,0,0,,,,,,,,
r04,6,21/03/2024,ci276,4,1,0,2,0,0,0,,,,,,,,
r04,6,21/03/2024,ci276,5,1,0,2,0,0,0,,,,,,,,
r04,6,21/03/2024,ci276,6,1,0,2,0,0,0,,,,,,,,
r04,6,21/03/2024,ki276,1,1,0,2,0,0,0,,,,,,,,
r04,6,21/03/2024,ki276,2,1,0,2,0,0,0,,,,,,,,
r04,6,21/03/2024,ki276,3,1,0,2,0,0,0,,,,,,,,
r04,6,21/03/2024,ki276,4,1,0,2,0,0,0,,,,,,,,
r04,7,22/03/2024,ci270,1,1,1,2,0,0,0,,,,,,,,
r04,7,22/03/2024,ci270,2,1,0,2,0,0,0,,,,,,,,
r04,7,22/03/2024,ci270,3,1,0,2,0,0,0,,,,,,,,
r04,7,22/03/2024,ci270,4,1,0,2,0,0,0,,,,,,,,
r04,7,22/03/2024,ci270,5,1,0,2,0,0,0,,,,,,,,
r04,7,22/03/2024,ci270,6,1,0,2,0,0,0,,,,,,,,
r04,7,22/03/2024,ki270,1,1,0,2,0,0,0,,,,,,,,
r04,7,22/03/2024,ki270,2,1,0,2,0,0,0,,,,,,,,
r04,7,22/03/2024,ki270,3,1,3,2,0,0,0,,,,,,,,
r04,7,22/03/2024,ki270,4,1,0,2,0,0,0,,,,,,,,
r04,7,22/03/2024,ci276,1,1,0,2,0,0,0,,,,,,,,
r04,7,22/03/2024,ci276,2,1,0,2,0,0,0,,,,,,,,
r04,7,22/03/2024,ci276,3,1,1,2,0,0,0,,,,,,,,
r04,7,22/03/2024,ci276,4,1,0,2,0,0,0,,,,,,,,
r04,7,22/03/2024,ci276,5,1,0,2,0,0,0,,,,,,,,
r04,7,22/03/2024,ci276,6,1,0,2,0,0,0,,,,,,,,
r04,7,22/03/2024,ki276,1,1,0,2,0,0,0,,,,,,,,
r04,7,22/03/2024,ki276,2,1,0,2,0,0,0,,,,,,,,
r04,7,22/03/2024,ki276,3,1,0,2,0,0,0,,,,,,,,
r04,7,22/03/2024,ki276,4,1,0,2,0,0,0,,,,,,,,
r04,8,23/03/2024,ci270,1,1,6,2,0,0,0,,,,,,,,
r04,8,23/03/2024,ci270,2,1,0,2,0,0,0,,,,,,,,
r04,8,23/03/2024,ci270,3,1,0,2,0,0,0,,,,,,,,
r04,8,23/03/2024,ci270,4,1,0,2,0,0,0,,,,,,,,
r04,8,23/03/2024,ci270,5,1,0,2,0,0,0,,,,,,,,
r04,8,23/03/2024,ci270,6,1,0,2,0,0,0,,,,,,,,
r04,8,23/03/2024,ki270,1,1,0,2,0,0,0,,,,,,,,
r04,8,23/03/2024,ki270,2,1,1,2,0,0,0,,,,,,,,
r04,8,23/03/2024,ki270,3,1,0,2,0,0,0,,,,,,,,
r04,8,23/03/2024,ki270,4,1,13,2,0,0,0,,,,,,,,
r04,8,23/03/2024,ci276,1,1,1,2,0,0,0,,,,,,,,
r04,8,23/03/2024,ci276,2,1,2,2,0,0,0,,,,,,,,
r04,8,23/03/2024,ci276,3,1,1,2,0,0,0,,,,,,,,
r04,8,23/03/2024,ci276,4,1,1,2,0,0,0,,,,,,,,
r04,8,23/03/2024,ci276,5,1,0,2,0,0,0,,,,,,,,
r04,8,23/03/2024,ci276,6,1,0,2,0,0,0,,,,,,,,
r04,8,23/03/2024,ki276,1,1,3,2,0,0,0,,,,,,,,
r04,8,23/03/2024,ki276,2,1,1,2,0,0,0,,,,,,,,
r04,8,23/03/2024,ki276,3,1,1,2,0,0,0,,,,,,,,
r04,8,23/03/2024,ki276,4,1,0,2,0,0,0,,,,,,,,
r04,9,24/03/2024,ci270,1,1,0,2,0,0,0,,,,,,,,
r04,9,24/03/2024,ci270,2,1,0,2,0,0,0,,,,,,,,
r04,9,24/03/2024,ci270,3,1,8,0,-1,-1,0,,,,,,,,
r04,9,24/03/2024,ci270,4,1,9,2,0,0,0,,,,,,,,
r04,9,24/03/2024,ci270,5,1,0,2,0,0,0,,,,,,,,
r04,9,24/03/2024,ci270,6,1,2,2,0,0,0,,,,,,,,
r04,9,24/03/2024,ki270,1,1,0,2,0,0,0,,,,,,,,
r04,9,24/03/2024,ki270,2,1,2,2,0,0,0,,,,,,,,
r04,9,24/03/2024,ki270,3,1,4,2,0,0,0,,,,,,,,
r04,9,24/03/2024,ki270,4,1,3,2,0,0,0,,,,,,,,
r04,9,24/03/2024,ci276,1,1,1,2,0,0,0,,,,,,,,
r04,9,24/03/2024,ci276,2,1,0,2,0,0,0,,,,,,,,
r04,9,24/03/2024,ci276,3,1,0,2,0,0,0,,,,,,,,
r04,9,24/03/2024,ci276,4,1,1,2,0,0,0,,,,,,,,
r04,9,24/03/2024,ci276,5,1,0,2,0,0,0,,,,,,,,
r04,9,24/03/2024,ci276,6,1,0,2,0,0,0,,,,,,,,
r04,9,24/03/2024,ki276,1,1,0,2,0,0,0,,,,,,,,
r04,9,24/03/2024,ki276,2,1,0,2,0,0,0,,,,,,,,
r04,9,24/03/2024,ki276,3,1,0,2,0,0,0,,,,,,,,
r04,9,24/03/2024,ki276,4,1,6,2,0,0,0,,,,,,,,
r04,10,25/03/2024,ci270,1,1,1,2,0,0,0,,,,,,,,
r04,10,25/03/2024,ci270,2,1,0,2,1,1,0,,,,,,,,
r04,10,25/03/2024,ci270,3,1,1,2,0,0,0,,,,,,,,
r04,10,25/03/2024,ci270,4,1,6,2,0,0,0,,,,,,,,
r04,10,25/03/2024,ci270,5,1,3,2,0,0,0,,,,,,,,
r04,10,25/03/2024,ci270,6,1,0,2,0,0,0,,,,,,,,
r04,10,25/03/2024,ki270,1,1,3,2,0,0,0,,,,,,,,
r04,10,25/03/2024,ki270,2,1,0,2,0,0,0,,,,,,,,
r04,10,25/03/2024,ki270,3,1,1,2,0,0,0,,,,,,,,
r04,10,25/03/2024,ki270,4,1,0,2,0,0,0,,,,,,,,
r04,10,25/03/2024,ci276,1,1,0,2,0,0,0,,,,,,,,
r04,10,25/03/2024,ci276,2,1,1,2,0,0,0,,,,,,,,
r04,10,25/03/2024,ci276,3,1,0,2,0,0,0,,,,,,,,
r04,10,25/03/2024,ci276,4,1,0,2,0,0,0,,,,,,,,
r04,10,25/03/2024,ci276,5,1,0,2,0,0,0,,,,,,,,
r04,10,25/03/2024,ci276,6,1,3,2,0,0,0,,,,,,,,
r04,10,25/03/2024,ki276,1,1,3,2,0,0,0,,,,,,,,
r04,10,25/03/2024,ki276,2,1,0,2,0,0,0,,,,,,,,
r04,10,25/03/2024,ki276,3,1,0,2,0,0,0,,,,,,,,
r04,10,25/03/2024,ki276,4,1,0,2,0,0,0,,,,,,,,
r04,11,26/03/2024,ki270,1,1,2,2,0,0,0,,,,,,,,
r04,11,26/03/2024,ki270,2,1,0,2,1,1,0,,,,,,,,
r04,11,26/03/2024,ki270,3,1,1,2,0,0,0,,,,,,,,
r04,11,26/03/2024,ki270,4,1,0,2,1,1,0,,,,,,,,
r04,11,26/03/2024,ci276,1,1,1,2,0,0,0,,,,,,,,
r04,11,26/03/2024,ci276,2,1,2,2,0,0,0,,,,,,,,
r04,11,26/03/2024,ci276,3,1,3,1,1,-1,0,,,,,,,,
r04,11,26/03/2024,ci276,4,1,1,1,0,-1,0,,,,,,,,
r04,11,26/03/2024,ci276,5,1,0,2,0,0,0,,,,,,,,
r04,11,26/03/2024,ci276,6,1,0,2,1,0,0,,,,,,,,
r04,11,26/03/2024,ki276,1,1,0,2,0,0,0,,,,,,,,
r04,11,26/03/2024,ki276,2,1,0,2,0,0,0,,,,,,,,
r04,11,26/03/2024,ki276,3,1,6,2,0,0,0,,,,,,,,
r04,11,26/03/2024,ki276,4,1,0,2,0,0,0,,,,,,,,
r04,12,27/03/2024,ki276,1,1,3,2,0,0,0,,,,,,,,
r04,12,27/03/2024,ki276,2,1,0,2,0,0,0,,,,,,,,
r04,12,27/03/2024,ki276,3,1,0,2,0,0,0,,,,,,,,
r04,12,27/03/2024,ki276,4,1,2,2,0,0,0,,,,,,,,
r04,13,28/03/2024,ki276,1,1,1,2,0,0,0,,,,,,,,
r04,13,28/03/2024,ki276,2,1,0,2,0,0,0,,,,,,,,
r04,13,28/03/2024,ki276,3,1,0,2,0,0,0,,,,,,,,
r04,13,28/03/2024,ki276,4,1,0,2,1,0,0,,,,,,,,
r05,6,29/05/2024,ki210,1,1,0,2,0,0,0,,,,,,,,
r05,6,29/05/2024,ki210,2,1,0,2,0,0,0,,,,,,,,
r05,6,29/05/2024,ki216,1,1,0,2,0,0,0,,,,,,,,
r05,6,29/05/2024,ki216,2,1,0,2,0,0,0,,,,,,,,
r05,6,29/05/2024,ci216,1,1,0,2,0,0,0,,,,,,,,
r05,6,29/05/2024,ci216,2,1,0,2,0,0,0,,,,,,,,
r05,7,30/05/2024,ki210,1,1,0,2,0,0,0,,,,,,,,
r05,7,30/05/2024,ki210,2,1,0,2,0,0,0,,,,,,,,
r05,7,30/05/2024,ki216,1,1,0,2,0,0,0,,,,,,,,
r05,7,30/05/2024,ki216,2,1,0,2,0,0,0,,,,,,,,
r05,7,30/05/2024,ci216,1,1,0,2,0,0,0,,,,,,,,
r05,7,30/05/2024,ci216,2,1,0,2,0,0,0,,,,,,,,
r05,8,31/05/2024,ki210,1,1,0,2,0,0,0,,,,,,,,
r05,8,31/05/2024,ki210,2,1,0,2,0,0,0,,,,,,,,
r05,8,31/05/2024,ki216,1,1,0,2,0,0,0,,,,,,,,
r05,8,31/05/2024,ki216,2,1,0,2,0,0,0,,,,,,,,
r05,8,31/05/2024,ci216,1,1,0,2,0,0,0,,,,,,,,
r05,8,31/05/2024,ci216,2,1,0,2,0,0,0,,,,,,,,
r05,9,01/06/2024,ki210,1,1,0,2,0,0,0,,,,,,,,
r05,9,01/06/2024,ki210,2,1,0,2,0,0,0,,,,,,,,
r05,9,01/06/2024,ki216,1,1,0,2,0,0,0,,,,,,,,
r05,9,01/06/2024,ki216,2,1,0,2,0,0,0,,,,,,,,
r05,9,01/06/2024,ci216,1,1,0,2,0,0,0,,,,,,,,
r05,9,01/06/2024,ci216,2,1,0,2,0,0,0,,,,,,,,
r05,10,02/06/2024,ki210,1,1,0,2,0,0,0,,,,,,,,
r05,10,02/06/2024,ki210,2,1,0,2,0,0,0,,,,,,,,
r05,10,02/06/2024,ki216,1,1,0,2,0,0,0,,,,,,,,
r05,10,02/06/2024,ki216,2,1,0,2,0,0,0,,,,,,,,
r05,10,02/06/2024,ci216,1,1,0,2,0,0,0,,,,,,,,
r05,10,02/06/2024,ci216,2,1,0,2,0,0,0,,,,,,,,
r05,11,03/06/2024,ki210,1,1,0,0,-1,-1,0,,,,,,,,
r05,11,03/06/2024,ki210,2,1,2,2,0,0,0,,,,,,,,
r05,11,03/06/2024,ki210,3,1,0,2,0,0,0,,,,,,,,
r05,11,03/06/2024,ki210,4,1,0,2,0,0,0,,,,,,,,
r05,11,03/06/2024,ki216,1,1,0,2,0,0,0,,,,,,,,
r05,11,03/06/2024,ki216,2,1,0,2,0,0,0,,,,,,,,
r05,11,03/06/2024,ki216,3,1,1,2,0,0,0,,,,,,,,
r05,11,03/06/2024,ki216,4,1,17,2,0,0,0,,,,,,,,
r05,11,03/06/2024,ci216,1,1,0,2,0,0,0,,,,,,,,
r05,11,03/06/2024,ci216,2,1,3,2,0,0,0,,,,,,,,
r05,11,03/06/2024,ci216,3,1,3,2,0,0,0,,,,,,,,
r05,11,03/06/2024,ci216,4,1,0,2,0,0,0,,,,,,,,
r05,12,04/06/2024,ki210,1,1,0,2,0,0,0,,,,,,,,
r05,12,04/06/2024,ki210,2,1,0,2,0,0,0,,,,,,,,
r05,12,04/06/2024,ki210,3,1,0,2,0,0,0,,,,,,,,
r05,12,04/06/2024,ki210,4,1,0,2,0,0,0,,,,,,,,
r05,12,04/06/2024,ki216,1,1,1,2,0,0,0,,,,,,,,
r05,12,04/06/2024,ki216,2,1,6,2,0,0,0,,,,,,,,
r05,12,04/06/2024,ki216,3,1,0,2,0,0,0,,,,,,,,
r05,12,04/06/2024,ki216,4,1,0,2,0,0,0,,,,,,,,
r05,12,04/06/2024,ci216,1,1,0,2,0,0,0,,,,,,,,
r05,12,04/06/2024,ci216,2,1,0,2,0,0,0,,,,,,,,
r05,12,04/06/2024,ci216,3,1,0,2,0,0,0,,,,,,,,
r05,12,04/06/2024,ci216,4,1,0,2,0,0,0,,,,,,,,
r05,13,05/06/2024,ki210,1,1,0,2,0,0,0,,,,,,,,
r05,13,05/06/2024,ki210,2,1,11,1,0,-1,0,,,,,,,,
r05,13,05/06/2024,ki210,3,1,7,2,0,0,0,,,,,,,,
r05,13,05/06/2024,ki210,4,1,1,2,0,0,0,,,,,,,,
r05,13,05/06/2024,ki216,1,1,0,2,0,0,0,,,,,,,,
r05,13,05/06/2024,ki216,2,1,0,2,0,0,0,,,,,,,,
r05,13,05/06/2024,ki216,3,1,0,2,0,0,0,,,,,,,,
r05,13,05/06/2024,ki216,4,1,2,2,0,0,0,,,,,,,,
r05,13,05/06/2024,ci216,1,1,0,2,0,0,0,,,,,,,,
r05,13,05/06/2024,ci216,2,1,0,2,0,0,0,,,,,,,,
r05,13,05/06/2024,ci216,3,1,3,2,0,0,1,,,,,,,,
r05,13,05/06/2024,ci216,4,1,0,2,0,0,0,,,,,,,,
r05,14,06/06/2024,ki210,1,1,0,2,0,0,0,,,,,,,,
r05,14,06/06/2024,ki210,2,1,0,2,0,0,0,,,,,,,,
r05,14,06/06/2024,ki210,3,1,0,2,0,0,0,,,,,,,,
r05,14,06/06/2024,ki210,4,1,0,2,0,0,0,,,,,,,,
r05,14,06/06/2024,ki216,1,1,0,2,0,0,0,,,,,,,,
r05,14,06/06/2024,ki216,2,1,0,2,0,0,0,,,,,,,,
r05,14,06/06/2024,ki216,3,1,2,2,0,0,0,,,,,,,,
r05,14,06/06/2024,ki216,4,1,12,2,0,0,1,,,,,,,,
r05,14,06/06/2024,ci216,1,1,2,2,0,0,0,,,,,,,,
r05,14,06/06/2024,ci216,2,1,0,2,0,0,0,,,,,,,,
r05,14,06/06/2024,ci216,3,1,0,2,0,0,0,,,,,,,,
r05,14,06/06/2024,ci216,4,1,0,2,0,0,0,,,,,,,,
r05,15,07/06/2024,ki210,1,1,0,2,0,0,0,,,,,,,,
r05,15,07/06/2024,ki210,2,1,0,2,0,0,0,,,,,,,,
r05,15,07/06/2024,ki210,3,1,19,2,0,0,1,,,,,,,,
r05,15,07/06/2024,ki210,4,1,0,2,0,0,0,,,,,,,,
r05,15,07/06/2024,ki216,1,1,1,2,0,0,1,,,,,,,,
r05,15,07/06/2024,ki216,2,1,0,2,0,0,0,,,,,,,,
r05,15,07/06/2024,ki216,3,1,4,2,0,0,0,,,,,,,,
r05,15,07/06/2024,ki216,4,1,0,2,0,0,0,,,,,,,,
r05,15,07/06/2024,ci216,1,1,0,2,0,0,0,,,,,,,,
r05,15,07/06/2024,ci216,2,1,0,2,0,0,0,,,,,,,,
r05,15,07/06/2024,ci216,3,0,-1,2,0,0,0,,,,,,,,
r05,15,07/06/2024,ci216,4,1,17,2,0,0,1,,,,,,,,
r05,16,08/06/2024,ki210,1,1,0,2,0,0,0,,,,,,,,
r05,16,08/06/2024,ki210,2,1,0,2,0,0,0,,,,,,,,
r05,16,08/06/2024,ki210,3,1,10,2,0,0,1,,,,,,,,
r05,16,08/06/2024,ki210,4,0,-1,0,-1,-1,0,,,,,,,,
r05,16,08/06/2024,ki216,1,1,0,2,0,0,0,,,,,,,,
r05,16,08/06/2024,ki216,2,1,5,2,0,0,1,,,,,,,,
r05,16,08/06/2024,ki216,3,1,0,2,0,0,0,,,,,,,,
r05,16,08/06/2024,ki216,4,1,0,2,0,0,0,,,,,,,,
r05,16,08/06/2024,ci216,1,1,1,0,-1,-1,1,,,,,,,,
r05,16,08/06/2024,ci216,2,1,0,2,0,0,0,,,,,,,,
r05,16,08/06/2024,ci216,3,1,0,2,0,0,0,,,,,,,,
r05,16,08/06/2024,ci216,4,1,0,2,0,0,0,,,,,,,,
r05,17,09/06/2024,ki210,1,1,0,1,0,-1,0,,,,,,,,
r05,17,09/06/2024,ki210,2,1,8,2,0,1,1,,,,,,,,
r05,17,09/06/2024,ki210,3,1,26,2,1,1,1,,,,,,,,
r05,17,09/06/2024,ki210,4,1,0,2,1,1,0,,,,,,,,
r05,17,09/06/2024,ki216,1,1,0,2,1,1,0,,,,,,,,
r05,17,09/06/2024,ki216,2,1,3,2,1,1,1,,,,,,,,
r05,17,09/06/2024,ki216,3,1,0,2,1,1,0,,,,,,,,
r05,17,09/06/2024,ki216,4,1,13,2,1,0,1,,,,,,,,
r05,17,09/06/2024,ci216,1,1,21,2,1,1,1,,,,,,,,
r06,9,08/09/2024,ki210,1,1,0,2,0,0,0,,,,,,,,
r06,9,08/09/2024,ki210,2,1,0,2,0,0,0,,,,,,,,
r06,9,08/09/2024,ki210,3,1,0,2,0,0,0,,,,,,,,
r06,9,08/09/2024,ki210,4,1,0,2,0,0,0,,,,,,,,
r06,9,08/09/2024,ki216,1,1,0,2,0,0,0,,,,,,,,
r06,9,08/09/2024,ki216,2,1,0,2,0,0,0,,,,,,,,
r06,9,08/09/2024,ki216,3,1,0,2,0,0,0,,,,,,,,
r06,9,08/09/2024,ki216,4,1,0,2,0,0,0,,,,,,,,
r06,9,08/09/2024,ci210,1,1,0,2,0,0,0,,,,,,,,
r06,9,08/09/2024,ci210,2,1,0,2,0,0,0,,,,,,,,
r06,9,08/09/2024,ci210,3,1,0,2,0,0,0,,,,,,,,
r06,9,08/09/2024,ci210,4,1,0,2,0,0,0,,,,,,,,
r06,9,08/09/2024,ci216,1,1,0,2,0,0,0,,,,,,,,
r06,9,08/09/2024,ci216,2,1,0,2,0,0,0,,,,,,,,
r06,9,08/09/2024,ci216,3,1,0,2,0,0,0,,,,,,,,
r06,9,08/09/2024,ci216,4,1,0,2,0,0,0,,,,,,,,
r06,10,09/09/2024,ki210,1,1,0,2,0,0,0,,,,,,,,
r06,10,09/09/2024,ki210,2,1,0,2,0,0,0,,,,,,,,
r06,10,09/09/2024,ki210,3,1,0,2,0,0,0,,,,,,,,
r06,10,09/09/2024,ki210,4,1,0,2,0,0,0,,,,,,,,
r06,10,09/09/2024,ki216,1,1,0,2,0,0,0,,,,,,,,
r06,10,09/09/2024,ki216,2,1,0,2,0,0,0,,,,,,,,
r06,10,09/09/2024,ki216,3,1,0,2,0,0,0,,,,,,,,
r06,10,09/09/2024,ki216,4,1,0,2,0,0,0,,,,,,,,
r06,10,09/09/2024,ci210,1,1,0,2,0,0,0,,,,,,,,
r06,10,09/09/2024,ci210,2,1,0,2,0,0,0,,,,,,,,
r06,10,09/09/2024,ci210,3,1,0,2,0,0,0,,,,,,,,
r06,10,09/09/2024,ci210,4,1,0,2,0,0,0,,,,,,,,
r06,10,09/09/2024,ci216,1,1,0,2,0,0,0,,,,,,,,
r06,10,09/09/2024,ci216,2,1,0,2,0,0,0,,,,,,,,
r06,10,09/09/2024,ci216,3,1,0,2,0,0,0,,,,,,,,
r06,10,09/09/2024,ci216,4,1,0,2,0,0,0,,,,,,,,
r06,11,10/09/2024,ki210,1,1,0,2,0,0,0,,,,,,,,
r06,11,10/09/2024,ki210,2,1,0,2,0,0,0,,,,,,,,
r06,11,10/09/2024,ki210,3,1,0,2,0,0,0,,,,,,,,
r06,11,10/09/2024,ki210,4,1,0,2,0,0,0,,,,,,,,
r06,11,10/09/2024,ki216,1,1,0,2,0,0,0,,,,,,,,
r06,11,10/09/2024,ki216,2,1,0,2,0,0,0,,,,,,,,
r06,11,10/09/2024,ki216,3,1,0,2,0,0,0,,,,,,,,
r06,11,10/09/2024,ki216,4,1,1,2,0,0,0,,,,,,,,
r06,11,10/09/2024,ci210,1,1,0,2,0,0,0,,,,,,,,
r06,11,10/09/2024,ci210,2,1,0,2,0,0,0,,,,,,,,
r06,11,10/09/2024,ci210,3,1,0,2,0,0,0,,,,,,,,
r06,11,10/09/2024,ci210,4,1,0,2,0,0,0,,,,,,,,
r06,11,10/09/2024,ci216,1,1,0,2,0,0,0,,,,,,,,
r06,11,10/09/2024,ci216,2,1,0,2,0,0,0,,,,,,,,
r06,11,10/09/2024,ci216,3,1,0,2,0,0,0,,,,,,,,
r06,11,10/09/2024,ci216,4,1,0,2,0,0,0,,,,,,,,
r06,12,11/09/2024,ki210,1,1,0,2,0,0,0,,,,,,,,
r06,12,11/09/2024,ki210,2,1,0,2,0,0,0,,,,,,,,
r06,12,11/09/2024,ki210,3,1,0,2,0,0,0,,,,,,,,
r06,12,11/09/2024,ki210,4,1,0,2,0,0,0,,,,,,,,
r06,12,11/09/2024,ki216,1,1,0,2,0,0,0,,,,,,,,
r06,12,11/09/2024,ki216,2,1,0,2,0,0,0,,,,,,,,
r06,12,11/09/2024,ki216,3,1,0,2,0,0,0,,,,,,,,
r06,12,11/09/2024,ki216,4,1,0,2,0,0,0,,,,,,,,
r06,12,11/09/2024,ci210,1,1,0,2,0,0,0,,,,,,,,
r06,12,11/09/2024,ci210,2,1,0,2,0,0,0,,,,,,,,
r06,12,11/09/2024,ci210,3,1,0,2,0,0,0,,,,,,,,
r06,12,11/09/2024,ci210,4,1,0,2,0,0,0,,,,,,,,
r06,12,11/09/2024,ci216,1,1,0,2,0,0,0,,,,,,,,
r06,12,11/09/2024,ci216,2,1,0,2,0,0,0,,,,,,,,
r06,12,11/09/2024,ci216,3,1,0,2,0,0,0,,,,,,,,
r06,12,11/09/2024,ci216,4,1,0,2,0,0,0,,,,,,,,
r06,13,12/09/2024,ki210,1,1,0,2,0,0,0,,,,,,,,
r06,13,12/09/2024,ki210,2,1,0,2,0,0,0,,,,,,,,
r06,13,12/09/2024,ki210,3,1,3,2,0,0,1,,,,,,,,
r06,13,12/09/2024,ki210,4,1,0,2,0,0,0,,,,,,,,
r06,13,12/09/2024,ki216,1,1,0,2,0,0,0,,,,,,,,
r06,13,12/09/2024,ki216,2,1,0,2,0,0,0,,,,,,,,
r06,13,12/09/2024,ki216,3,1,0,2,0,0,0,,,,,,,,
r06,13,12/09/2024,ki216,4,1,0,2,0,0,0,,,,,,,,
r06,13,12/09/2024,ci210,1,1,0,2,0,0,0,,,,,,,,
r06,13,12/09/2024,ci210,2,1,0,2,0,0,0,,,,,,,,
r06,13,12/09/2024,ci210,3,1,0,2,0,0,0,,,,,,,,
r06,13,12/09/2024,ci210,4,1,0,2,0,0,0,,,,,,,,
r06,13,12/09/2024,ci216,1,1,0,2,0,0,0,,,,,,,,
r06,13,12/09/2024,ci216,2,1,0,2,0,0,0,,,,,,,,
r06,13,12/09/2024,ci216,3,1,0,2,0,0,0,,,,,,,,
r06,13,12/09/2024,ci216,4,1,0,2,0,0,0,,,,,,,,
r06,14,13/09/2024,ki210,1,1,0,2,0,0,0,,,,,,,,
r06,14,13/09/2024,ki210,2,1,0,2,0,0,0,,,,,,,,
r06,14,13/09/2024,ki210,3,1,0,2,0,0,0,,,,,,,,
r06,14,13/09/2024,ki210,4,1,0,2,0,0,0,,,,,,,,
r06,14,13/09/2024,ki216,1,1,2,2,0,0,1,,,,,,,,
r06,14,13/09/2024,ki216,2,1,0,2,0,0,0,,,,,,,,
r06,14,13/09/2024,ki216,3,1,0,2,0,0,0,,,,,,,,
r06,14,13/09/2024,ki216,4,1,0,2,0,0,0,,,,,,,,
r06,14,13/09/2024,ci210,1,1,0,2,0,0,0,,,,,,,,
r06,14,13/09/2024,ci210,2,1,0,2,0,0,0,,,,,,,,
r06,14,13/09/2024,ci210,3,1,1,2,0,0,1,,,,,,,,
r06,14,13/09/2024,ci210,4,1,1,2,0,0,1,,,,,,,,
r06,14,13/09/2024,ci216,1,1,0,2,0,0,0,,,,,,,,
r06,14,13/09/2024,ci216,2,1,0,2,0,0,0,,,,,,,,
r06,14,13/09/2024,ci216,3,1,0,2,0,0,0,,,,,,,,
r06,14,13/09/2024,ci216,4,1,0,2,0,0,0,,,,,,,,
r06,15,14/09/2024,ki210,1,1,0,2,0,0,0,,,,,,,,
r06,15,14/09/2024,ki210,2,1,0,2,0,0,0,,,,,,,,
r06,15,14/09/2024,ki210,3,1,3,2,0,0,0,,,,,,,,
r06,15,14/09/2024,ki210,4,1,1,2,0,0,1,,,,,,,,
r06,15,14/09/2024,ki216,1,1,1,2,0,0,1,,,,,,,,
r06,15,14/09/2024,ki216,2,1,0,2,0,0,0,,,,,,,,
r06,15,14/09/2024,ki216,3,1,0,2,0,0,0,,,,,,,,
r06,15,14/09/2024,ki216,4,1,0,2,0,0,0,,,,,,,,
r06,15,14/09/2024,ci210,1,1,0,2,0,0,0,,,,,,,,
r06,15,14/09/2024,ci210,2,1,0,2,0,0,0,,,,,,,,
r06,15,14/09/2024,ci210,3,1,0,2,0,0,0,,,,,,,,
r06,15,14/09/2024,ci210,4,1,0,2,0,0,0,,,,,,,,
r06,15,14/09/2024,ci216,1,1,0,2,0,0,0,,,,,,,,
r06,15,14/09/2024,ci216,2,1,2,2,0,0,1,,,,,,,,
r06,15,14/09/2024,ci216,3,1,0,2,0,0,0,,,,,,,,
r06,15,14/09/2024,ci216,4,0,-1,0,0,0,0,,,,,,,,
r06,16,15/09/2024,ki210,1,1,0,2,0,0,0,,,,,,,,
r06,16,15/09/2024,ki210,2,1,0,2,0,0,0,,,,,,,,
r06,16,15/09/2024,ki210,3,1,0,2,0,0,0,,,,,,,,
r06,16,15/09/2024,ki210,4,1,0,2,0,0,0,,,,,,,,
r06,16,15/09/2024,ki216,1,1,0,2,0,0,0,,,,,,,,
r06,16,15/09/2024,ki216,2,1,0,2,0,0,0,,,,,,,,
r06,16,15/09/2024,ki216,3,1,0,2,0,0,0,,,,,,,,
r06,16,15/09/2024,ki216,4,1,0,2,0,0,0,,,,,,,,
r06,16,15/09/2024,ci210,1,1,0,2,0,0,0,,,,,,,,
r06,16,15/09/2024,ci210,2,1,0,2,0,0,0,,,,,,,,
r06,16,15/09/2024,ci210,3,1,0,2,0,0,0,,,,,,,,
r06,16,15/09/2024,ci210,4,1,0,2,0,0,0,,,,,,,,
r06,16,15/09/2024,ci216,1,1,0,2,0,0,0,,,,,,,,
r06,16,15/09/2024,ci216,2,1,0,2,0,0,0,,,,,,,,
r06,16,15/09/2024,ci216,3,1,0,2,0,0,0,,,,,,,,
r06,16,15/09/2024,ci216,4,1,0,2,0,0,0,,,,,,,,
r06,17,16/09/2024,ki210,1,1,0,2,0,0,0,,,,,,,,
r06,17,16/09/2024,ki210,2,1,0,2,0,0,0,,,,,,,,
r06,17,16/09/2024,ki210,3,1,2,2,0,0,1,,,,,,,,
r06,17,16/09/2024,ki210,4,1,0,2,0,0,0,,,,,,,,
r06,17,16/09/2024,ki216,1,1,0,2,0,0,0,,,,,,,,
r06,17,16/09/2024,ki216,2,1,0,2,0,0,0,,,,,,,,
r06,17,16/09/2024,ki216,3,1,0,2,0,0,0,,,,,,,,
r06,17,16/09/2024,ki216,4,1,0,2,0,0,0,,,,,,,,
r06,17,16/09/2024,ci210,1,1,0,2,0,0,0,,,,,,,,
r06,17,16/09/2024,ci210,2,1,0,2,0,0,0,,,,,,,,
r06,17,16/09/2024,ci210,3,1,0,2,0,0,0,,,,,,,,
r06,17,16/09/2024,ci210,4,1,4,2,0,0,1,,,,,,,,
r06,17,16/09/2024,ci216,1,1,1,2,0,0,0,,,,,,,,
r06,17,16/09/2024,ci216,2,1,0,2,0,0,0,,,,,,,,
r06,17,16/09/2024,ci216,3,1,0,2,0,0,0,,,,,,,,
r06,17,16/09/2024,ci216,4,1,0,2,0,0,0,,,,,,,,
r06,18,17/09/2024,ki210,1,1,0,2,0,0,0,,,,,,,,
r06,18,17/09/2024,ki210,2,1,0,2,0,0,0,,,,,,,,
r06,18,17/09/2024,ki210,3,1,2,2,0,0,0,,,,,,,,
r06,18,17/09/2024,ki210,4,1,0,2,0,0,0,,,,,,,,
r06,18,17/09/2024,ki216,1,1,0,2,0,0,0,,,,,,,,
r06,18,17/09/2024,ki216,2,1,0,2,0,0,0,,,,,,,,
r06,18,17/09/2024,ki216,3,1,0,2,0,0,0,,,,,,,,
r06,18,17/09/2024,ki216,4,1,0,2,0,0,0,,,,,,,,
r06,18,17/09/2024,ci210,1,1,0,2,0,0,0,,,,,,,,
r06,18,17/09/2024,ci210,2,1,0,2,0,0,0,,,,,,,,
r06,18,17/09/2024,ci210,3,1,0,2,0,0,0,,,,,,,,
r06,18,17/09/2024,ci210,4,1,0,2,0,0,0,,,,,,,,
r06,18,17/09/2024,ci216,1,1,0,2,0,0,0,,,,,,,,
r06,18,17/09/2024,ci216,2,1,0,2,0,0,0,,,,,,,,
r06,18,17/09/2024,ci216,3,1,0,2,0,0,0,,,,,,,,
r06,18,17/09/2024,ci216,4,1,0,2,0,0,0,,,,,,,,
r06,19,18/09/2024,ki210,1,1,0,2,0,0,0,,,,,,,,
r06,19,18/09/2024,ki210,2,1,0,2,0,0,0,,,,,,,,
r06,19,18/09/2024,ki210,3,1,0,2,0,0,0,,,,,,,,
r06,19,18/09/2024,ki210,4,1,0,2,0,0,0,,,,,,,,
r06,19,18/09/2024,ki216,1,1,0,2,0,0,0,,,,,,,,
r06,19,18/09/2024,ki216,2,1,0,2,0,0,0,,,,,,,,
r06,19,18/09/2024,ki216,3,1,0,2,0,0,0,,,,,,,,
r06,19,18/09/2024,ki216,4,1,0,1,-1,1,0,,,,,,,,
r06,19,18/09/2024,ci210,1,1,0,1,0,-1,0,,,,,,,,
r06,19,18/09/2024,ci210,2,1,0,2,0,0,0,,,,,,,,
r06,19,18/09/2024,ci210,3,1,0,2,0,0,0,,,,,,,,
r06,19,18/09/2024,ci210,4,1,0,2,0,0,0,,,,,,,,
r06,19,18/09/2024,ci216,1,1,0,2,0,0,0,,,,,,,,
r06,19,18/09/2024,ci216,2,1,0,2,0,0,0,,,,,,,,
r06,19,18/09/2024,ci216,3,1,0,2,0,0,0,,,,,,,,
r06,19,18/09/2024,ci216,4,1,0,2,0,0,0,,,,,,,,
r06,20,19/09/2024,ki210,1,1,0,2,0,0,0,,,,,,,,
r06,20,19/09/2024,ki210,2,1,0,2,0,0,0,,,,,,,,
r06,20,19/09/2024,ki210,3,1,0,2,0,0,0,,,,,,,,
r06,20,19/09/2024,ki210,4,1,0,0,-1,-1,0,,,,,,,,
r06,20,19/09/2024,ki216,1,0,-1,0,-1,-1,0,,,,,,,,
r06,20,19/09/2024,ki216,2,0,-1,0,-1,-1,0,,,,,,,,
r06,20,19/09/2024,ki216,3,0,-1,0,-1,-1,0,,,,,,,,
r06,20,19/09/2024,ki216,4,0,-1,0,-1,-1,0,,,,,,,,
r06,20,19/09/2024,ci210,1,1,0,2,0,0,0,,,,,,,,
r06,20,19/09/2024,ci210,2,1,0,2,0,0,0,,,,,,,,
r06,20,19/09/2024,ci210,3,1,0,2,0,0,0,,,,,,,,
r06,20,19/09/2024,ci210,4,1,0,2,0,0,0,,,,,,,,
r06,20,19/09/2024,ci216,1,1,0,2,0,0,0,,,,,,,,
r06,20,19/09/2024,ci216,2,1,0,2,1,1,0,,,,,,,,
r06,20,19/09/2024,ci216,3,1,0,2,0,0,0,,,,,,,,
r06,20,19/09/2024,ci216,4,1,0,2,1,0,0,,,,,,,,
r06,21,20/09/2024,ki210,1,1,6,2,1,1,1,,,,,,,,
r06,21,20/09/2024,ki210,2,1,0,2,1,1,0,,,,,,,,
r06,21,20/09/2024,ki210,3,1,0,2,0,0,0,,,,,,,,
r06,21,20/09/2024,ki210,4,1,0,2,0,0,0,,,,,,,,
r06,21,20/09/2024,ki216,1,0,-1,0,-1,-1,0,,,,,,,,
r06,21,20/09/2024,ki216,2,0,-1,0,-1,-1,0,,,,,,,,
r06,21,20/09/2024,ki216,3,0,-1,0,-1,-1,0,,,,,,,,
r06,21,20/09/2024,ki216,4,0,-1,0,-1,-1,0,,,,,,,,
r06,21,20/09/2024,ci210,1,1,0,2,0,0,0,,,,,,,,
r06,21,20/09/2024,ci210,2,1,0,2,0,0,0,,,,,,,,
r06,21,20/09/2024,ci210,3,1,0,2,0,0,0,,,,,,,,
r06,21,20/09/2024,ci210,4,1,0,2,0,0,0,,,,,,,,
r06,21,20/09/2024,ci216,1,0,-1,0,-1,-1,0,,,,,,,,
r06,21,20/09/2024,ci216,2,0,-1,0,-1,-1,0,,,,,,,,
r06,21,20/09/2024,ci216,3,0,-1,0,-1,-1,0,,,,,,,,
r06,21,20/09/2024,ci216,4,0,-1,0,-1,-1,0,,,,,,,,
r06,22,21/09/2024,ki210,1,0,-1,0,-1,-1,0,,,,,,,,
r06,22,21/09/2024,ki210,2,0,-1,0,-1,-1,0,,,,,,,,
r06,22,21/09/2024,ki210,3,0,-1,0,-1,-1,0,,,,,,,,
r06,22,21/09/2024,ki210,4,0,-1,0,-1,-1,0,,,,,,,,
r06,22,21/09/2024,ki216,1,0,-1,0,-1,-1,0,,,,,,,,
r06,22,21/09/2024,ki216,2,0,-1,0,-1,-1,0,,,,,,,,
r06,22,21/09/2024,ki216,3,0,-1,0,-1,-1,0,,,,,,,,
r06,22,21/09/2024,ki216,4,0,-1,0,-1,-1,0,,,,,,,,
r06,22,21/09/2024,ci210,1,1,1,2,1,1,0,,,,,,,,
r06,22,21/09/2024,ci210,2,1,1,2,0,0,1,,,,,,,,
r06,22,21/09/2024,ci210,3,1,0,2,0,0,0,,,,,,,,
r06,22,21/09/2024,ci210,4,1,0,2,0,0,0,,,,,,,,
r06,22,21/09/2024,ci216,1,0,-1,0,-1,-1,0,,,,,,,,
r06,22,21/09/2024,ci216,2,0,-1,0,-1,-1,0,,,,,,,,
r06,22,21/09/2024,ci216,3,0,-1,0,-1,-1,0,,,,,,,,
r06,22,21/09/2024,ci216,4,0,-1,0,-1,-1,0,,,,,,,,
r07,10,12/11/2024,ki210,1,0,-1,2,0,0,0,,,,,,,,
r07,10,12/11/2024,ki210,2,1,0,2,0,0,0,,,,,,,,
r07,10,12/11/2024,ki210,3,1,0,2,0,0,0,,,,,,,,
r07,10,12/11/2024,ki210,4,1,0,2,0,0,0,,,,,,,,
r07,10,12/11/2024,ki216,1,1,0,2,0,0,0,,,,,,,,
r07,10,12/11/2024,ki216,2,1,0,2,0,0,0,,,,,,,,
r07,10,12/11/2024,ki216,3,1,0,2,0,0,0,,,,,,,,
r07,10,12/11/2024,ki216,4,1,0,2,0,0,0,,,,,,,,
r07,10,12/11/2024,ci210,1,1,0,2,0,0,0,,,,,,,,
r07,10,12/11/2024,ci210,2,1,0,2,0,0,0,,,,,,,,
r07,10,12/11/2024,ci210,3,1,0,2,0,0,0,,,,,,,,
r07,10,12/11/2024,ci210,4,1,0,2,0,0,0,,,,,,,,
r07,10,12/11/2024,ci216,1,1,0,2,0,0,0,,,,,,,,
r07,10,12/11/2024,ci216,2,1,0,0,-1,-1,0,,,,,,,,
r07,10,12/11/2024,ci216,3,1,0,2,0,0,0,,,,,,,,
r07,10,12/11/2024,ci216,4,1,0,2,0,0,0,,,,,,,,
r07,11,13/11/2024,ki210,1,1,8,2,0,0,1,,,,,,,,
r07,11,13/11/2024,ki210,2,1,3,2,0,0,1,,,,,,,,
r07,11,13/11/2024,ki210,3,1,0,2,0,0,0,,,,,,,,
r07,11,13/11/2024,ki210,4,1,0,2,0,0,0,,,,,,,,
r07,11,13/11/2024,ki216,1,1,2,2,0,0,1,,,,,,,,
r07,11,13/11/2024,ki216,2,1,1,2,0,0,1,,,,,,,,
r07,11,13/11/2024,ki216,3,1,0,2,0,0,0,,,,,,,,
r07,11,13/11/2024,ki216,4,1,0,2,0,0,0,,,,,,,,
r07,11,13/11/2024,ci210,1,1,6,2,0,0,0,,,,,,,,
r07,11,13/11/2024,ci210,2,1,0,2,0,0,0,,,,,,,,
r07,11,13/11/2024,ci210,3,1,0,2,0,0,0,,,,,,,,
r07,11,13/11/2024,ci210,4,1,3,2,0,0,1,,,,,,,,
r07,11,13/11/2024,ci216,1,1,7,2,0,0,1,,,,,,,,
r07,11,13/11/2024,ci216,2,1,0,2,0,0,0,,,,,,,,
r07,11,13/11/2024,ci216,3,1,0,2,0,0,0,,,,,,,,
r07,11,13/11/2024,ci216,4,1,0,2,0,0,0,,,,,,,,
r07,12,14/11/2024,ki210,1,1,1,2,0,0,1,,,,,,,,
r07,12,14/11/2024,ki210,2,1,0,2,0,0,0,,,,,,,,
r07,12,14/11/2024,ki210,3,1,1,2,0,0,0,,,,,,,,
r07,12,14/11/2024,ki210,4,1,1,2,0,0,1,,,,,,,,
r07,12,14/11/2024,ki216,1,1,0,2,0,0,0,,,,,,,,
r07,12,14/11/2024,ki216,2,1,0,2,0,0,0,,,,,,,,
r07,12,14/11/2024,ki216,3,1,0,2,0,0,0,,,,,,,,
r07,12,14/11/2024,ki216,4,1,2,2,0,0,0,,,,,,,,
r07,12,14/11/2024,ci210,1,1,2,2,0,0,1,,,,,,,,
r07,12,14/11/2024,ci210,2,1,1,2,0,0,1,,,,,,,,
r07,12,14/11/2024,ci210,3,1,20,2,0,0,1,,,,,,,,
r07,12,14/11/2024,ci210,4,1,1,2,0,0,1,,,,,,,,
r07,12,14/11/2024,ci216,1,1,0,2,0,0,0,,,,,,,,
r07,12,14/11/2024,ci216,2,1,0,2,0,0,0,,,,,,,,
r07,12,14/11/2024,ci216,3,1,4,2,0,0,1,,,,,,,,
r07,12,14/11/2024,ci216,4,1,0,2,0,0,0,,,,,,,,
r07,13,15/11/2024,ki210,1,1,0,2,0,0,0,,,,,,,,
r07,13,15/11/2024,ki210,2,1,0,2,0,0,0,,,,,,,,
r07,13,15/11/2024,ki210,3,1,9,2,0,0,1,,,,,,,,
r07,13,15/11/2024,ki210,4,1,0,2,0,0,0,,,,,,,,
r07,13,15/11/2024,ki216,1,1,0,2,0,0,0,,,,,,,,
r07,13,15/11/2024,ki216,2,1,0,2,0,0,0,,,,,,,,
r07,13,15/11/2024,ki216,3,1,0,2,0,0,0,,,,,,,,
r07,13,15/11/2024,ki216,4,1,0,2,0,0,0,,,,,,,,
r07,13,15/11/2024,ci210,1,1,5,2,0,0,1,,,,,,,,
r07,13,15/11/2024,ci210,2,1,0,2,0,0,0,,,,,,,,
r07,13,15/11/2024,ci210,3,1,8,2,0,0,1,,,,,,,,
r07,13,15/11/2024,ci210,4,1,0,2,0,0,0,,,,,,,,
r07,13,15/11/2024,ci216,1,1,1,2,0,0,1,,,,,,,,
r07,13,15/11/2024,ci216,2,1,0,2,0,0,0,,,,,,,,
r07,13,15/11/2024,ci216,3,1,0,2,0,0,0,,,,,,,,
r07,13,15/11/2024,ci216,4,1,0,2,0,0,0,,,,,,,,
r07,14,16/11/2024,ki210,1,1,0,2,0,0,0,,,,,,,,
r07,14,16/11/2024,ki210,2,1,6,2,0,0,0,,,,,,,,
r07,14,16/11/2024,ki210,3,1,4,2,0,0,1,,,,,,,,
r07,14,16/11/2024,ki210,4,1,2,2,0,0,1,,,,,,,,
r07,14,16/11/2024,ki216,1,1,2,2,0,0,1,,,,,,,,
r07,14,16/11/2024,ki216,2,1,4,1,0,-1,1,,,,,,,,
r07,14,16/11/2024,ki216,3,1,5,2,0,0,1,,,,,,,,
r07,14,16/11/2024,ki216,4,1,0,2,0,0,0,,,,,,,,
r07,14,16/11/2024,ci210,1,1,3,2,0,0,1,,,,,,,,
r07,14,16/11/2024,ci210,2,1,1,2,0,0,1,,,,,,,,
r07,14,16/11/2024,ci210,3,0,-1,2,0,0,0,,,,,,,,
r07,14,16/11/2024,ci210,4,1,0,2,0,0,0,,,,,,,,
r07,14,16/11/2024,ci216,1,1,1,2,0,0,1,,,,,,,,
r07,14,16/11/2024,ci216,2,1,2,2,0,0,1,,,,,,,,
r07,14,16/11/2024,ci216,3,1,7,2,0,0,1,,,,,,,,
r07,14,16/11/2024,ci216,4,1,0,2,0,0,0,,,,,,,,
r07,15,17/11/2024,ki210,1,1,8,2,0,0,1,,,,,,,,
r07,15,17/11/2024,ki210,2,1,7,2,0,0,1,,,,,,,,
r07,15,17/11/2024,ki210,3,1,0,2,0,0,0,,,,,,,,
r07,15,17/11/2024,ki210,4,1,0,2,0,0,0,,,,,,,,
r07,15,17/11/2024,ki216,1,1,1,2,0,0,1,,,,,,,,
r07,15,17/11/2024,ki216,2,1,0,2,0,0,0,,,,,,,,
r07,15,17/11/2024,ki216,3,1,0,2,0,0,0,,,,,,,,
r07,15,17/11/2024,ki216,4,1,0,2,0,0,0,,,,,,,,
r07,15,17/11/2024,ci210,1,1,0,2,0,0,0,,,,,,,,
r07,15,17/11/2024,ci210,2,1,2,1,0,-1,1,,,,,,,,
r07,15,17/11/2024,ci210,3,1,9,2,0,0,1,,,,,,,,
r07,15,17/11/2024,ci210,4,1,1,0,-1,-1,1,,,,,,,,
r07,15,17/11/2024,ci216,1,1,0,2,0,0,0,,,,,,,,
r07,15,17/11/2024,ci216,2,1,8,2,0,0,1,,,,,,,,
r07,15,17/11/2024,ci216,3,1,0,2,0,0,0,,,,,,,,
r07,15,17/11/2024,ci216,4,1,3,1,0,-1,1,,,,,,,,
r07,16,18/11/2024,ki210,1,1,3,2,0,0,1,,,,,,,,
r07,16,18/11/2024,ki210,2,1,21,2,0,0,1,,,,,,,,
r07,16,18/11/2024,ki210,3,1,6,2,0,0,1,,,,,,,,
r07,16,18/11/2024,ki210,4,1,0,2,0,0,0,,,,,,,,
r07,16,18/11/2024,ki216,1,1,8,2,0,0,1,,,,,,,,
r07,16,18/11/2024,ki216,2,1,5,2,0,0,1,,,,,,,,
r07,16,18/11/2024,ki216,3,1,2,2,0,0,1,,,,,,,,
r07,16,18/11/2024,ki216,4,1,1,2,0,0,1,,,,,,,,
r07,16,18/11/2024,ci210,1,1,1,2,0,0,1,,,,,,,,
r07,16,18/11/2024,ci210,2,1,12,2,0,0,1,,,,,,,,
r07,16,18/11/2024,ci210,3,1,10,2,0,0,1,,,,,,,,
r07,16,18/11/2024,ci210,4,1,0,2,0,0,0,,,,,,,,
r07,16,18/11/2024,ci216,1,1,2,2,0,0,1,,,,,,,,
r07,16,18/11/2024,ci216,2,1,5,2,0,0,1,,,,,,,,
r07,16,18/11/2024,ci216,3,1,1,2,0,0,1,,,,,,,,
r07,16,18/11/2024,ci216,4,1,4,2,0,0,1,,,,,,,,
r07,17,19/11/2024,ki210,1,1,10,2,0,0,1,,,,,,,,
r07,17,19/11/2024,ki210,2,1,3,1,0,-1,1,,,,,,,,
r07,17,19/11/2024,ki210,3,1,0,2,0,0,0,,,,,,,,
r07,17,19/11/2024,ki210,4,1,25,2,0,0,1,,,,,,,,
r07,17,19/11/2024,ki216,1,1,1,2,0,0,1,,,,,,,,
r07,17,19/11/2024,ki216,2,1,0,2,0,0,0,,,,,,,,
r07,17,19/11/2024,ki216,3,1,0,2,0,0,0,,,,,,,,
r07,17,19/11/2024,ki216,4,1,2,2,0,0,1,,,,,,,,
r07,17,19/11/2024,ci210,1,0,-1,2,0,0,0,,,,,,,,
r07,17,19/11/2024,ci210,2,1,0,2,0,0,0,,,,,,,,
r07,17,19/11/2024,ci210,3,1,0,2,0,0,0,,,,,,,,
r07,17,19/11/2024,ci210,4,1,8,2,0,0,1,,,,,,,,
r07,17,19/11/2024,ci216,1,1,0,2,0,0,0,,,,,,,,
r07,17,19/11/2024,ci216,2,0,-1,0,-1,-1,0,,,,,,,,
r07,17,19/11/2024,ci216,3,0,-1,0,-1,-1,0,,,,,,,,
r07,17,19/11/2024,ci216,4,0,-1,0,-1,-1,0,,,,,,,,
r07,18,20/11/2024,ki210,1,1,9,2,0,0,1,,,,,,,,
r07,18,20/11/2024,ki210,2,1,1,2,0,0,1,,,,,,,,
r07,18,20/11/2024,ki210,3,1,5,2,0,0,1,,,,,,,,
r07,18,20/11/2024,ki210,4,1,11,2,0,0,1,,,,,,,,
r07,18,20/11/2024,ki216,1,1,0,2,0,0,0,,,,,,,,
r07,18,20/11/2024,ki216,2,1,0,1,0,-1,0,,,,,,,,
r07,18,20/11/2024,ki216,3,1,0,2,0,0,0,,,,,,,,
r07,18,20/11/2024,ki216,4,1,0,2,0,0,0,,,,,,,,
r07,18,20/11/2024,ci210,1,1,0,2,0,0,0,,,,,,,,
r07,18,20/11/2024,ci210,2,1,23,2,0,0,1,,,,,,,,
r07,18,20/11/2024,ci210,3,1,0,2,0,0,0,,,,,,,,
r07,18,20/11/2024,ci210,4,1,44,2,0,0,1,,,,,,,,
r07,18,20/11/2024,ci216,1,0,-1,2,-1,-1,0,,,,,,,,
r07,18,20/11/2024,ci216,2,0,-1,2,-1,-1,0,,,,,,,,
r07,18,20/11/2024,ci216,3,0,-1,2,-1,-1,0,,,,,,,,
r07,18,20/11/2024,ci216,4,0,-1,2,-1,-1,0,,,,,,,,
r07,19,21/11/2024,ki210,1,1,2,2,0,0,1,,,,,,,,
r07,19,21/11/2024,ki210,2,1,4,2,0,0,1,,,,,,,,
r07,19,21/11/2024,ki210,3,1,4,2,0,0,1,,,,,,,,
r07,19,21/11/2024,ki210,4,1,0,2,0,0,0,,,,,,,,
r07,19,21/11/2024,ki216,1,1,1,2,1,1,1,,,,,,,,
r07,19,21/11/2024,ki216,2,1,0,2,0,0,0,,,,,,,,
r07,19,21/11/2024,ki216,3,1,0,2,0,0,0,,,,,,,,
r07,19,21/11/2024,ki216,4,1,0,2,0,0,0,,,,,,,,
r07,19,21/11/2024,ci210,1,1,4,1,0,-1,1,,,,,,,,
r07,19,21/11/2024,ci210,2,1,36,2,0,0,1,,,,,,,,
r07,19,21/11/2024,ci210,3,1,12,2,0,0,1,,,,,,,,
r07,19,21/11/2024,ci210,4,1,9,2,0,0,1,,,,,,,,
r07,19,21/11/2024,ci216,1,0,-1,0,-1,-1,0,,,,,,,,
r07,19,21/11/2024,ci216,2,0,-1,0,-1,-1,0,,,,,,,,
r07,19,21/11/2024,ci216,3,0,-1,0,-1,-1,0,,,,,,,,
r07,19,21/11/2024,ci216,4,0,-1,0,-1,-1,0,,,,,,,,
r07,20,22/11/2024,ki210,1,1,2,2,0,0,1,,,,,,,,
r07,20,22/11/2024,ki210,2,1,0,2,0,0,0,,,,,,,,
r07,20,22/11/2024,ki210,3,1,2,2,1,1,1,,,,,,,,
r07,20,22/11/2024,ki210,4,1,0,2,0,0,0,,,,,,,,
r07,20,22/11/2024,ki216,1,0,-1,0,-1,-1,0,,,,,,,,
r07,20,22/11/2024,ki216,2,0,-1,0,-1,-1,0,,,,,,,,
r07,20,22/11/2024,ki216,3,0,-1,0,-1,-1,0,,,,,,,,
r07,20,22/11/2024,ki216,4,0,-1,0,-1,-1,0,,,,,,,,
r07,20,22/11/2024,ci210,1,1,0,2,1,1,0,,,,,,,,
r07,20,22/11/2024,ci210,2,1,4,2,0,0,1,,,,,,,,
r07,20,22/11/2024,ci210,3,1,8,2,0,0,1,,,,,,,,
r07,20,22/11/2024,ci210,4,1,0,2,0,0,0,,,,,,,,
r07,20,22/11/2024,ci216,1,0,-1,0,-1,-1,0,,,,,,,,
r07,20,22/11/2024,ci216,2,0,-1,0,-1,-1,0,,,,,,,,
r07,20,22/11/2024,ci216,3,0,-1,0,-1,-1,0,,,,,,,,
r07,20,22/11/2024,ci216,4,0,-1,0,-1,-1,0,,,,,,,,
r08,7,22/05/2025,ki270,1,1,0,2,0,0,0,,,,,,,,
r08,7,22/05/2025,ki270,2,1,0,2,0,0,0,,,,,,,,
r08,7,22/05/2025,ki270,3,1,0,0,-1,-1,0,,,,,,,,
r08,7,22/05/2025,ki270,4,1,0,2,0,0,0,,,,,,,,
r08,7,22/05/2025,ci270,1,1,0,2,0,0,0,,,,,,,,
r08,7,22/05/2025,ci270,2,1,0,2,0,0,0,,,,,,,,
r08,7,22/05/2025,ci270,3,1,0,2,0,0,0,,,,,,,,
r08,7,22/05/2025,ci270,4,1,0,2,0,0,0,,,,,,,,
r08,7,22/05/2025,ki276,1,1,0,2,0,0,0,,,,,,,,
r08,7,22/05/2025,ki276,2,1,0,2,0,0,0,,,,,,,,
r08,7,22/05/2025,ki276,3,1,0,2,0,0,0,,,,,,,,
r08,7,22/05/2025,ki276,4,1,0,2,0,0,0,,,,,,,,
r08,7,22/05/2025,ci276,1,1,0,2,0,0,0,,,,,,,,
r08,7,22/05/2025,ci276,2,1,0,2,0,0,0,,,,,,,,
r08,7,22/05/2025,ci276,3,1,0,2,0,0,0,,,,,,,,
r08,7,22/05/2025,ci276,4,1,0,2,0,0,0,,,,,,,,
r08,8,23/05/2025,ki270,1,1,0,2,0,0,0,,,,,,,,
r08,8,23/05/2025,ki270,2,1,0,2,0,0,0,,,,,,,,
r08,8,23/05/2025,ki270,3,1,0,2,0,0,0,,,,,,,,
r08,8,23/05/2025,ki270,4,1,0,2,0,0,0,,,,,,,,
r08,8,23/05/2025,ci270,1,1,0,2,0,0,0,,,,,,,,
r08,8,23/05/2025,ci270,2,1,0,2,0,0,0,,,,,,,,
r08,8,23/05/2025,ci270,3,0,-1,0,-1,-1,0,,,,,,,,
r08,8,23/05/2025,ci270,4,1,0,2,0,0,0,,,,,,,,
r08,8,23/05/2025,ki276,1,1,0,2,0,0,0,,,,,,,,
r08,8,23/05/2025,ki276,2,1,0,2,0,0,0,,,,,,,,
r08,8,23/05/2025,ki276,3,1,0,2,0,0,0,,,,,,,,
r08,8,23/05/2025,ki276,4,1,0,2,0,0,0,,,,,,,,
r08,8,23/05/2025,ci276,1,1,0,2,0,0,0,,,,,,,,
r08,8,23/05/2025,ci276,2,1,0,2,0,0,0,,,,,,,,
r08,8,23/05/2025,ci276,3,1,0,2,0,0,0,,,,,,,,
r08,8,23/05/2025,ci276,4,1,0,2,0,0,0,,,,,,,,
r08,9,24/05/2025,ki270,1,1,0,2,0,0,0,,,,,,,,
r08,9,24/05/2025,ki270,2,1,0,2,0,0,0,,,,,,,,
r08,9,24/05/2025,ki270,3,1,0,2,0,0,0,,,,,,,,
r08,9,24/05/2025,ki270,4,1,0,2,0,0,0,,,,,,,,
r08,9,24/05/2025,ci270,1,1,0,2,0,0,0,,,,,,,,
r08,9,24/05/2025,ci270,2,1,0,2,0,0,0,,,,,,,,
r08,9,24/05/2025,ci270,3,1,0,2,0,0,0,,,,,,,,
r08,9,24/05/2025,ci270,4,1,0,2,0,0,0,,,,,,,,
r08,9,24/05/2025,ki276,1,1,0,2,0,0,0,,,,,,,,
r08,9,24/05/2025,ki276,2,1,0,2,0,0,0,,,,,,,,
r08,9,24/05/2025,ki276,3,1,0,2,0,0,0,,,,,,,,
r08,9,24/05/2025,ci276,1,1,0,2,0,0,0,,,,,,,,
r08,9,24/05/2025,ci276,2,1,0,2,0,0,0,,,,,,,,
r08,9,24/05/2025,ci276,3,1,2,2,0,0,0,,,,,,,,
r08,9,24/05/2025,ci276,4,1,0,2,0,0,0,,,,,,,,
r08,10,25/05/2025,ki270,1,1,0,2,0,0,0,,,,,,,,
r08,10,25/05/2025,ki270,2,1,0,2,0,0,0,,,,,,,,
r08,10,25/05/2025,ki270,3,1,0,2,0,0,0,,,,,,,,
r08,10,25/05/2025,ki270,4,1,1,2,0,0,0,,,,,,,,
r08,10,25/05/2025,ci270,1,1,0,2,0,0,0,,,,,,,,
r08,10,25/05/2025,ci270,2,1,0,2,0,0,0,,,,,,,,
r08,10,25/05/2025,ci270,3,1,1,2,0,0,1,,,,,,,,
r08,10,25/05/2025,ci270,4,1,0,2,0,0,0,,,,,,,,
r08,10,25/05/2025,ki276,1,1,0,2,0,0,0,,,,,,,,
r08,10,25/05/2025,ki276,2,1,0,2,0,0,0,,,,,,,,
r08,10,25/05/2025,ki276,3,1,0,2,0,0,0,,,,,,,,
r08,10,25/05/2025,ki276,4,1,0,2,0,0,0,,,,,,,,
r08,10,25/05/2025,ci276,1,1,0,2,0,0,0,,,,,,,,
r08,10,25/05/2025,ci276,2,1,0,2,0,0,0,,,,,,,,
r08,10,25/05/2025,ci276,3,1,0,2,0,0,0,,,,,,,,
r08,10,25/05/2025,ci276,4,1,0,2,0,0,0,,,,,,,,
r08,11,26/05/2025,ki270,1,1,0,2,0,0,0,,,,,,,,
r08,11,26/05/2025,ki270,2,1,0,2,0,0,0,,,,,,,,
r08,11,26/05/2025,ki270,3,1,0,2,0,0,0,,,,,,,,
r08,11,26/05/2025,ki270,4,1,0,2,0,0,0,,,,,,,,
r08,11,26/05/2025,ci270,1,1,0,0,-1,-1,0,,,,,,,,
r08,11,26/05/2025,ci270,2,0,-1,0,-1,-1,0,,,,,,,,
r08,11,26/05/2025,ci270,3,1,0,2,0,0,0,,,,,,,,
r08,11,26/05/2025,ci270,4,1,0,2,0,0,0,,,,,,,,
r08,11,26/05/2025,ki276,1,1,0,2,0,0,0,,,,,,,,
r08,11,26/05/2025,ki276,2,1,0,2,0,0,0,,,,,,,,
r08,11,26/05/2025,ki276,3,1,0,2,0,0,0,,,,,,,,
r08,11,26/05/2025,ki276,4,1,0,2,0,0,0,,,,,,,,
r08,11,26/05/2025,ci276,1,1,0,2,0,0,0,,,,,,,,
r08,11,26/05/2025,ci276,2,1,0,2,0,0,0,,,,,,,,
r08,11,26/05/2025,ci276,3,1,0,2,0,0,0,,,,,,,,
r08,11,26/05/2025,ci276,4,1,0,2,0,0,0,,,,,,,,
r08,12,27/05/2025,ki270,1,1,0,2,0,0,0,,,,,,,,
r08,12,27/05/2025,ki270,2,1,0,2,0,0,0,,,,,,,,
r08,12,27/05/2025,ki270,3,1,0,2,0,0,0,,,,,,,,
r08,12,27/05/2025,ki270,4,1,0,2,0,0,0,,,,,,,,
r08,12,27/05/2025,ci270,1,1,0,2,0,0,0,,,,,,,,
r08,12,27/05/2025,ci270,2,1,0,2,0,0,0,,,,,,,,
r08,12,27/05/2025,ci270,3,1,0,2,0,0,0,,,,,,,,
r08,12,27/05/2025,ci270,4,1,0,2,0,0,0,,,,,,,,
r08,12,27/05/2025,ki276,1,1,0,2,0,0,0,,,,,,,,
r08,12,27/05/2025,ki276,2,1,0,2,0,0,0,,,,,,,,
r08,12,27/05/2025,ki276,3,1,0,2,0,0,0,,,,,,,,
r08,12,27/05/2025,ki276,4,1,0,2,0,0,0,,,,,,,,
r08,12,27/05/2025,ki276,5,1,0,2,0,0,0,,,,,,,,
r08,12,27/05/2025,ci276,1,1,0,2,0,0,0,,,,,,,,
r08,12,27/05/2025,ci276,2,1,0,2,0,0,0,,,,,,,,
r08,12,27/05/2025,ci276,3,1,0,2,0,0,0,,,,,,,,
r08,12,27/05/2025,ci276,4,1,0,2,0,0,0,,,,,,,,
r08,13,28/05/2025,ki270,1,1,0,2,0,0,0,,,,,,,,
r08,13,28/05/2025,ki270,2,1,0,2,0,0,0,,,,,,,,
r08,13,28/05/2025,ki270,3,1,0,2,0,0,0,,,,,,,,
r08,13,28/05/2025,ki270,4,1,0,2,0,0,0,,,,,,,,
r08,13,28/05/2025,ci270,1,1,0,2,0,0,0,,,,,,,,
r08,13,28/05/2025,ci270,2,1,0,2,0,0,1,,,,,,,,
r08,13,28/05/2025,ci270,3,1,0,2,0,0,0,,,,,,,,
r08,13,28/05/2025,ci270,4,1,0,2,0,0,0,,,,,,,,
r08,13,28/05/2025,ki276,1,1,0,2,0,0,0,,,,,,,,
r08,13,28/05/2025,ki276,2,1,0,2,0,0,0,,,,,,,,
r08,13,28/05/2025,ki276,3,1,0,2,0,0,0,,,,,,,,
r08,13,28/05/2025,ci276,1,1,0,2,0,0,0,,,,,,,,
r08,13,28/05/2025,ci276,2,1,0,2,0,0,0,,,,,,,,
r08,13,28/05/2025,ci276,3,1,0,2,0,0,0,,,,,,,,
r08,13,28/05/2025,ci276,4,1,0,2,0,0,0,,,,,,,,
r08,14,29/05/2025,ki270,1,1,0,2,0,0,0,,,,,,,,
r08,14,29/05/2025,ki270,2,1,0,2,0,0,0,,,,,,,,
r08,14,29/05/2025,ki270,3,1,0,2,0,0,0,,,,,,,,
r08,14,29/05/2025,ki270,4,1,0,2,0,0,0,,,,,,,,
r08,14,29/05/2025,ci270,1,1,0,2,0,0,0,,,,,,,,
r08,14,29/05/2025,ci270,2,1,0,2,0,0,0,,,,,,,,
r08,14,29/05/2025,ci270,3,1,0,2,0,0,0,,,,,,,,
r08,14,29/05/2025,ci270,4,1,0,2,0,0,0,,,,,,,,
r08,14,29/05/2025,ki276,1,1,0,2,0,0,1,,,,,,,,
r08,14,29/05/2025,ki276,2,1,0,2,0,0,0,,,,,,,,
r08,14,29/05/2025,ki276,3,1,0,2,0,0,0,,,,,,,,
r08,14,29/05/2025,ki276,4,1,0,2,0,0,0,,,,,,,,
r08,14,29/05/2025,ci276,1,1,0,2,0,0,1,,,,,,,,
r08,14,29/05/2025,ci276,2,1,0,2,0,0,0,,,,,,,,
r08,14,29/05/2025,ci276,3,1,0,2,0,0,0,,,,,,,,
r08,14,29/05/2025,ci276,4,1,0,2,0,0,0,,,,,,,,
r08,15,30/05/2025,ki270,1,1,0,2,0,0,0,,,,,,,,
r08,15,30/05/2025,ki270,2,1,0,2,0,0,0,,,,,,,,
r08,15,30/05/2025,ki270,3,1,0,2,0,0,0,,,,,,,,
r08,15,30/05/2025,ki270,4,1,0,2,0,0,1,,,,,,,,
r08,15,30/05/2025,ci270,1,1,0,2,0,0,0,,,,,,,,
r08,15,30/05/2025,ci270,2,1,0,2,0,0,1,,,,,,,,
r08,15,30/05/2025,ci270,3,1,0,0,-1,-1,0,,,,,,,,
r08,15,30/05/2025,ci270,4,1,0,2,0,0,0,,,,,,,,
r08,15,30/05/2025,ki276,1,1,0,2,0,0,0,,,,,,,,
r08,15,30/05/2025,ki276,2,1,0,2,0,0,0,,,,,,,,
r08,15,30/05/2025,ki276,3,1,0,2,0,0,0,,,,,,,,
r08,15,30/05/2025,ki276,4,1,0,2,0,0,0,,,,,,,,
r08,15,30/05/2025,ci276,1,1,0,2,0,0,0,,,,,,,,
r08,15,30/05/2025,ci276,2,1,0,2,0,0,0,,,,,,,,
r08,15,30/05/2025,ci276,3,1,0,2,0,0,0,,,,,,,,
r08,15,30/05/2025,ci276,4,1,0,2,0,0,1,,,,,,,,
r08,16,31/05/2025,ki270,1,1,0,0,-1,-1,0,,,,,,,,
r08,16,31/05/2025,ki270,2,1,0,2,0,0,0,,,,,,,,
r08,16,31/05/2025,ki270,3,1,0,1,0,-1,0,,,,,,,,
r08,16,31/05/2025,ki270,4,1,0,2,0,0,0,,,,,,,,
r08,16,31/05/2025,ci270,1,1,0,2,0,0,0,,,,,,,,
r08,16,31/05/2025,ci270,2,1,0,2,0,0,0,,,,,,,,
r08,16,31/05/2025,ci270,3,1,0,2,0,0,0,,,,,,,,
r08,16,31/05/2025,ci270,4,1,0,2,0,0,0,,,,,,,,
r08,16,31/05/2025,ki276,1,1,0,1,0,-1,0,,,,,,,,
r08,16,31/05/2025,ki276,2,1,0,2,0,0,0,,,,,,,,
r08,16,31/05/2025,ki276,3,1,0,2,0,0,0,,,,,,,,
r08,16,31/05/2025,ki276,4,1,0,2,0,0,0,,,,,,,,
r08,16,31/05/2025,ci276,1,1,0,2,0,0,0,,,,,,,,
r08,16,31/05/2025,ci276,2,1,0,2,0,0,0,,,,,,,,
r08,16,31/05/2025,ci276,3,1,0,2,0,0,0,,,,,,,,
r08,16,31/05/2025,ci276,4,1,0,2,0,0,0,,,,,,,,
r08,17,01/06/2025,ki270,1,1,0,2,0,0,0,,,,,,,,
r08,17,01/06/2025,ki270,2,1,0,2,0,0,0,,,,,,,,
r08,17,01/06/2025,ki270,3,1,0,2,0,0,0,,,,,,,,
r08,17,01/06/2025,ki270,4,1,0,2,0,0,0,,,,,,,,
r08,17,01/06/2025,ci270,1,1,0,2,0,0,0,,,,,,,,
r08,17,01/06/2025,ci270,2,1,0,2,0,0,0,,,,,,,,
r08,17,01/06/2025,ci270,3,1,0,2,0,0,0,,,,,,,,
r08,17,01/06/2025,ci270,4,1,0,2,0,0,0,,,,,,,,
r08,17,01/06/2025,ki276,1,1,0,2,0,0,0,,,,,,,,
r08,17,01/06/2025,ki276,2,1,0,2,0,0,0,,,,,,,,
r08,17,01/06/2025,ki276,3,1,0,2,0,0,0,,,,,,,,
r08,17,01/06/2025,ki276,4,1,0,2,0,0,0,,,,,,,,
r08,17,01/06/2025,ci276,1,1,0,2,0,0,0,,,,,,,,
r08,17,01/06/2025,ci276,2,1,0,2,0,0,0,,,,,,,,
r08,17,01/06/2025,ci276,3,1,0,2,0,0,0,,,,,,,,
r08,17,01/06/2025,ci276,4,1,0,2,0,0,0,,,,,,,,
r08,18,02/06/2025,ki270,1,1,0,2,0,0,0,,,,,,,,
r08,18,02/06/2025,ki270,2,1,0,2,0,0,0,,,,,,,,
r08,18,02/06/2025,ki270,3,1,0,2,0,0,0,,,,,,,,
r08,18,02/06/2025,ki270,4,1,0,2,0,0,0,,,,,,,,
r08,18,02/06/2025,ci270,1,0,-1,0,-1,-1,0,,,,,,,,
r08,18,02/06/2025,ci270,2,0,-1,0,-1,-1,0,,,,,,,,
r08,18,02/06/2025,ci270,3,0,-1,0,-1,-1,0,,,,,,,,
r08,18,02/06/2025,ci270,4,0,-1,0,-1,-1,0,,,,,,,,
r08,18,02/06/2025,ki276,1,1,0,2,0,0,0,,,,,,,,
r08,18,02/06/2025,ki276,2,1,0,2,0,0,0,,,,,,,,
r08,18,02/06/2025,ki276,3,1,0,2,0,0,0,,,,,,,,
r08,18,02/06/2025,ki276,4,1,0,2,0,0,0,,,,,,,,
r08,18,02/06/2025,ci276,1,1,0,2,0,0,0,,,,,,,,
r08,18,02/06/2025,ci276,2,1,0,2,0,0,0,,,,,,,,
r08,18,02/06/2025,ci276,3,1,0,2,0,0,0,,,,,,,,
r08,19,03/06/2025,ki270,1,1,0,2,0,0,0,,,,,,,,
r08,19,03/06/2025,ki270,2,1,0,2,0,0,0,,,,,,,,
r08,19,03/06/2025,ki270,3,0,-1,0,-1,-1,0,,,,,,,,
r08,19,03/06/2025,ki270,4,0,-1,0,-1,-1,0,,,,,,,,
r08,19,03/06/2025,ci270,1,0,-1,0,-1,-1,0,,,,,,,,
r08,19,03/06/2025,ci270,2,0,-1,0,-1,-1,0,,,,,,,,
r08,19,03/06/2025,ci270,3,0,-1,0,-1,-1,0,,,,,,,,
r08,19,03/06/2025,ci270,4,0,-1,0,-1,-1,0,,,,,,,,
r08,19,03/06/2025,ki276,1,1,0,2,0,0,0,,,,,,,,
r08,19,03/06/2025,ki276,2,1,0,2,0,0,0,,,,,,,,
r08,19,03/06/2025,ki276,3,1,0,2,0,0,0,,,,,,,,
r08,19,03/06/2025,ki276,4,1,0,2,0,0,0,,,,,,,,
r08,19,03/06/2025,ci276,1,0,-1,0,-1,-1,0,,,,,,,,
r08,19,03/06/2025,ci276,2,0,-1,0,-1,-1,0,,,,,,,,
r08,19,03/06/2025,ci276,3,0,-1,0,-1,-1,0,,,,,,,,
r08,19,03/06/2025,ci276,4,0,-1,0,-1,-1,0,,,,,,,,
r08,20,04/06/2025,ki270,1,0,-1,0,-1,-1,0,,,,,,,,
r08,20,04/06/2025,ki270,2,0,-1,0,-1,-1,0,,,,,,,,
r08,20,04/06/2025,ki270,3,0,-1,0,-1,-1,0,,,,,,,,
r08,20,04/06/2025,ki270,4,0,-1,0,-1,-1,0,,,,,,,,
r08,20,04/06/2025,ci270,1,0,-1,0,-1,-1,0,,,,,,,,
r08,20,04/06/2025,ci270,2,0,-1,0,-1,-1,0,,,,,,,,
r08,20,04/06/2025,ci270,3,0,-1,0,-1,-1,0,,,,,,,,
r08,20,04/06/2025,ci270,4,0,-1,0,-1,-1,0,,,,,,,,
r08,20,04/06/2025,ki276,1,1,0,2,0,0,0,,,,,,,,
r08,20,04/06/2025,ki276,2,1,0,2,0,0,0,,,,,,,,
r08,20,04/06/2025,ki276,3,1,0,2,0,0,0,,,,,,,,
r08,20,04/06/2025,ki276,4,1,0,2,0,0,0,,,,,,,,
r08,20,04/06/2025,ci276,1,0,-1,0,-1,-1,0,,,,,,,,
r08,20,04/06/2025,ci276,2,0,-1,0,-1,-1,0,,,,,,,,
r08,20,04/06/2025,ci276,3,0,-1,0,-1,-1,0,,,,,,,,
r08,20,04/06/2025,ci276,4,0,-1,0,-1,-1,0,,,,,,,,
r08,21,05/06/2025,ki270,1,0,-1,0,-1,-1,0,,,,,,,,
r08,21,05/06/2025,ki270,2,0,-1,0,-1,-1,0,,,,,,,,
r08,21,05/06/2025,ki270,3,0,-1,0,-1,-1,0,,,,,,,,
r08,21,05/06/2025,ki270,4,0,-1,0,-1,-1,0,,,,,,,,
r08,21,05/06/2025,ci270,1,0,-1,0,-1,-1,0,,,,,,,,
r08,21,05/06/2025,ci270,2,0,-1,0,-1,-1,0,,,,,,,,
r08,21,05/06/2025,ci270,3,0,-1,0,-1,-1,0,,,,,,,,
r08,21,05/06/2025,ci270,4,0,-1,0,-1,-1,0,,,,,,,,
r08,21,05/06/2025,ki276,1,1,0,1,0,0,0,,,,,,,,
r08,21,05/06/2025,ki276,2,1,0,1,0,0,0,,,,,,,,
r08,21,05/06/2025,ki276,3,1,0,1,0,0,0,,,,,,,,
r08,21,05/06/2025,ki276,4,1,0,1,0,0,0,,,,,,,,
r08,21,05/06/2025,ci276,1,0,-1,0,-1,-1,0,,,,,,,,
r08,21,05/06/2025,ci276,2,0,-1,0,-1,-1,0,,,,,,,,
r08,21,05/06/2025,ci276,3,0,-1,0,-1,-1,0,,,,,,,,
r08,21,05/06/2025,ci276,4,0,-1,0,-1,-1,0,,,,,,,,
r08,22,06/06/2025,ki270,1,0,-1,0,-1,-1,0,,,,,,,,
r08,22,06/06/2025,ki270,2,0,-1,0,-1,-1,0,,,,,,,,
r08,22,06/06/2025,ki270,3,0,-1,0,-1,-1,0,,,,,,,,
r08,22,06/06/2025,ki270,4,0,-1,0,-1,-1,0,,,,,,,,
r08,22,06/06/2025,ci270,1,0,-1,0,-1,-1,0,,,,,,,,
r08,22,06/06/2025,ci270,2,0,-1,0,-1,-1,0,,,,,,,,
r08,22,06/06/2025,ci270,3,0,-1,0,-1,-1,0,,,,,,,,
r08,22,06/06/2025,ci270,4,0,-1,0,-1,-1,0,,,,,,,,
r08,22,06/06/2025,ki276,1,1,0,1,0,0,0,,,,,,,,
r08,22,06/06/2025,ki276,2,1,0,1,0,0,0,,,,,,,,
r08,22,06/06/2025,ki276,3,1,0,1,0,0,0,,,,,,,,
r08,22,06/06/2025,ki276,4,1,0,1,0,0,0,,,,,,,,
r08,22,06/06/2025,ci276,1,0,-1,0,-1,-1,0,,,,,,,,
r08,22,06/06/2025,ci276,2,0,-1,0,-1,-1,0,,,,,,,,
r08,22,06/06/2025,ci276,3,0,-1,0,-1,-1,0,,,,,,,,
r08,22,06/06/2025,ci276,4,0,-1,0,-1,-1,0,,,,,,,,
r09,7,16/07/2025,ki270,1,1,0,2,0,0,0,,,,,,,,
r09,7,16/07/2025,ki270,2,1,46,2,0,0,1,,,,,,,,
r09,7,16/07/2025,ki270,3,1,19,2,0,0,1,,,,,,,,
r09,7,16/07/2025,ki270,4,1,6,2,0,0,1,,,,,,,,
r09,7,16/07/2025,ci270,1,1,13,2,0,0,1,,,,,,,,
r09,7,16/07/2025,ci270,2,1,0,2,0,0,0,,,,,,,,
r09,7,16/07/2025,ci270,3,1,55,2,0,0,1,,,,,,,,
r09,7,16/07/2025,ci270,4,1,0,2,0,0,0,,,,,,,,
r09,7,16/07/2025,ki276,1,1,0,2,0,0,0,,,,,,,,
r09,7,16/07/2025,ki276,2,1,0,2,0,0,0,,,,,,,,
r09,7,16/07/2025,ki276,3,1,0,2,0,0,0,,,,,,,,
r09,7,16/07/2025,ki276,4,1,0,2,0,0,0,,,,,,,,
r09,7,16/07/2025,ci276,1,1,0,2,0,0,0,,,,,,,,
r09,7,16/07/2025,ci276,2,1,0,2,0,0,0,,,,,,,,
r09,7,16/07/2025,ci276,3,1,0,2,0,0,0,,,,,,,,
r09,7,16/07/2025,ci276,4,1,0,2,0,0,0,,,,,,,,
r09,8,17/07/2025,ki270,1,1,0,2,0,0,0,,,,,,,,
r09,8,17/07/2025,ki270,2,1,3,2,0,0,0,,,,,,,,
r09,8,17/07/2025,ki270,3,1,9,2,0,0,1,,,,,,,,
r09,8,17/07/2025,ki270,4,1,3,2,0,0,1,,,,,,,,
r09,8,17/07/2025,ci270,1,1,1,2,0,0,0,,,,,,,,
r09,8,17/07/2025,ci270,2,1,67,2,0,0,1,,,,,,,,
r09,8,17/07/2025,ci270,3,0,-1,2,0,0,0,,,,,,,,
r09,8,17/07/2025,ci270,4,1,13,2,0,0,1,,,,,,,,
r09,8,17/07/2025,ki276,1,1,0,2,0,0,0,,,,,,,,
r09,8,17/07/2025,ki276,2,1,0,2,0,0,0,,,,,,,,
r09,8,17/07/2025,ki276,3,1,0,2,0,0,0,,,,,,,,
r09,8,17/07/2025,ki276,4,1,0,2,0,0,0,,,,,,,,
r09,8,17/07/2025,ci276,1,1,0,2,0,0,0,,,,,,,,
r09,8,17/07/2025,ci276,2,1,0,2,0,0,0,,,,,,,,
r09,8,17/07/2025,ci276,3,1,2,2,0,0,0,,,,,,,,
r09,8,17/07/2025,ci276,4,1,0,2,0,0,0,,,,,,,,
r09,9,18/07/2025,ki270,1,1,33,2,0,0,1,,,,,,,,
r09,9,18/07/2025,ki270,2,1,0,2,0,0,0,,,,,,,,
r09,9,18/07/2025,ki270,3,1,27,2,0,0,1,,,,,,,,
r09,9,18/07/2025,ki270,4,1,32,2,0,0,1,,,,,,,,
r09,9,18/07/2025,ci270,1,1,43,2,0,0,1,,,,,,,,
r09,9,18/07/2025,ci270,2,1,0,2,0,0,0,,,,,,,,
r09,9,18/07/2025,ci270,3,1,1,1,0,-1,1,,,,,,,,
r09,9,18/07/2025,ci270,4,1,1,1,0,-1,1,,,,,,,,
r09,9,18/07/2025,ki276,1,1,0,1,0,0,0,,,,,,,,
r09,9,18/07/2025,ki276,2,1,0,2,0,0,0,,,,,,,,
r09,9,18/07/2025,ki276,3,1,0,2,0,0,0,,,,,,,,
r09,9,18/07/2025,ki276,4,1,0,2,0,0,0,,,,,,,,
r09,9,18/07/2025,ci276,1,1,1,2,0,0,1,,,,,,,,
r09,9,18/07/2025,ci276,2,1,0,2,0,0,0,,,,,,,,
r09,9,18/07/2025,ci276,3,1,0,2,0,0,0,,,,,,,,
r09,9,18/07/2025,ci276,4,1,0,2,0,0,0,,,,,,,,
r09,10,19/07/2025,ki270,1,1,0,2,0,0,0,,,,,,,,
r09,10,19/07/2025,ki270,2,1,0,2,0,0,0,,,,,,,,
r09,10,19/07/2025,ki270,3,1,38,2,1,1,1,,,,,,,,
r09,10,19/07/2025,ki270,4,1,0,2,0,0,0,,,,,,,,
r09,10,19/07/2025,ci270,1,1,49,2,0,0,1,,,,,,,,
r09,10,19/07/2025,ci270,2,1,45,2,1,1,1,,,,,,,,
r09,10,19/07/2025,ci270,3,1,8,2,0,0,1,,,,,,,,
r09,10,19/07/2025,ci270,4,1,0,2,0,0,0,,,,,,,,
r09,10,19/07/2025,ki276,1,1,0,2,0,0,0,,,,,,,,
r09,10,19/07/2025,ki276,2,1,0,2,0,0,0,,,,,,,,
r09,10,19/07/2025,ki276,3,1,1,2,0,0,1,,,,,,,,
r09,10,19/07/2025,ki276,4,1,1,2,0,0,1,,,,,,,,
r09,10,19/07/2025,ci276,1,1,1,2,0,0,1,,,,,,,,
r09,10,19/07/2025,ci276,2,1,0,2,0,0,0,,,,,,,,
r09,10,19/07/2025,ci276,3,1,0,2,0,0,0,,,,,,,,
r09,10,19/07/2025,ci276,4,1,0,2,0,0,0,,,,,,,,
r09,11,20/07/2025,ki270,1,0,-1,0,-1,-1,0,,,,,,,,
r09,11,20/07/2025,ki270,2,0,-1,0,-1,-1,0,,,,,,,,
r09,11,20/07/2025,ki270,3,0,-1,0,-1,-1,0,,,,,,,,
r09,11,20/07/2025,ki270,4,0,-1,0,-1,-1,0,,,,,,,,
r09,11,20/07/2025,ci270,1,0,-1,0,-1,-1,0,,,,,,,,
r09,11,20/07/2025,ci270,2,0,-1,0,-1,-1,0,,,,,,,,
r09,11,20/07/2025,ci270,3,0,-1,0,-1,-1,0,,,,,,,,
r09,11,20/07/2025,ci270,4,0,-1,0,-1,-1,0,,,,,,,,
r09,11,20/07/2025,ki276,1,1,0,2,0,0,0,,,,,,,,
r09,11,20/07/2025,ki276,2,1,0,2,0,0,0,,,,,,,,
r09,11,20/07/2025,ki276,3,1,0,2,0,0,0,,,,,,,,
r09,11,20/07/2025,ki276,4,1,0,2,0,0,0,,,,,,,,
r09,11,20/07/2025,ci276,1,1,4,2,1,1,1,,,,,,,,
r09,11,20/07/2025,ci276,2,1,0,2,0,0,0,,,,,,,,
r09,11,20/07/2025,ci276,3,1,0,2,0,0,0,,,,,,,,
r09,11,20/07/2025,ci276,4,1,1,2,0,0,1,,,,,,,,
r09,12,21/07/2025,ki270,1,0,-1,0,-1,-1,0,,,,,,,,
r09,12,21/07/2025,ki270,2,0,-1,0,-1,-1,0,,,,,,,,
r09,12,21/07/2025,ki270,3,0,-1,0,-1,-1,0,,,,,,,,
r09,12,21/07/2025,ki270,4,0,-1,0,-1,-1,0,,,,,,,,
r09,12,21/07/2025,ci270,1,0,-1,0,-1,-1,0,,,,,,,,
r09,12,21/07/2025,ci270,2,0,-1,0,-1,-1,0,,,,,,,,
r09,12,21/07/2025,ci270,3,0,-1,0,-1,-1,0,,,,,,,,
r09,12,21/07/2025,ci270,4,0,-1,0,-1,-1,0,,,,,,,,
r09,12,21/07/2025,ki276,1,1,0,2,0,0,0,,,,,,,,
r09,12,21/07/2025,ki276,2,1,0,2,0,0,0,,,,,,,,
r09,12,21/07/2025,ki276,3,1,0,2,0,0,0,,,,,,,,
r09,12,21/07/2025,ki276,4,1,0,2,0,0,0,,,,,,,,
r09,12,21/07/2025,ci276,1,0,-1,0,-1,-1,0,,,,,,,,
r09,12,21/07/2025,ci276,2,0,-1,0,-1,-1,0,,,,,,,,
r09,12,21/07/2025,ci276,3,0,-1,0,-1,-1,0,,,,,,,,
r09,12,21/07/2025,ci276,4,0,-1,0,-1,-1,0,,,,,,,,
r09,13,22/07/2025,ki270,1,0,-1,0,-1,-1,0,,,,,,,,
r09,13,22/07/2025,ki270,2,0,-1,0,-1,-1,0,,,,,,,,
r09,13,22/07/2025,ki270,3,0,-1,0,-1,-1,0,,,,,,,,
r09,13,22/07/2025,ki270,4,0,-1,0,-1,-1,0,,,,,,,,
r09,13,22/07/2025,ci270,1,0,-1,0,-1,-1,0,,,,,,,,
r09,13,22/07/2025,ci270,2,0,-1,0,-1,-1,0,,,,,,,,
r09,13,22/07/2025,ci270,3,0,-1,0,-1,-1,0,,,,,,,,
r09,13,22/07/2025,ci270,4,0,-1,0,-1,-1,0,,,,,,,,
r09,13,22/07/2025,ki276,1,1,0,2,0,0,0,,,,,,,,
r09,13,22/07/2025,ki276,2,1,0,2,0,0,0,,,,,,,,
r09,13,22/07/2025,ki276,3,1,0,2,0,0,0,,,,,,,,
r09,13,22/07/2025,ki276,4,1,0,1,0,-1,0,,,,,,,,
r09,13,22/07/2025,ci276,1,0,-1,0,-1,-1,0,,,,,,,,
r09,13,22/07/2025,ci276,2,0,-1,0,-1,-1,0,,,,,,,,
r09,13,22/07/2025,ci276,3,0,-1,0,-1,-1,0,,,,,,,,
r09,13,22/07/2025,ci276,4,0,-1,0,-1,-1,0,,,,,,,,
r09,14,23/07/2025,ki270,1,0,-1,0,-1,-1,0,,,,,,,,
r09,14,23/07/2025,ki270,2,0,-1,0,-1,-1,0,,,,,,,,
r09,14,23/07/2025,ki270,3,0,-1,0,-1,-1,0,,,,,,,,
r09,14,23/07/2025,ki270,4,0,-1,0,-1,-1,0,,,,,,,,
r09,14,23/07/2025,ci270,1,0,-1,0,-1,-1,0,,,,,,,,
r09,14,23/07/2025,ci270,2,0,-1,0,-1,-1,0,,,,,,,,
r09,14,23/07/2025,ci270,3,0,-1,0,-1,-1,0,,,,,,,,
r09,14,23/07/2025,ci270,4,0,-1,0,-1,-1,0,,,,,,,,
r09,14,23/07/2025,ki276,1,1,0,2,0,0,0,,,,,,,,
r09,14,23/07/2025,ki276,2,1,0,2,0,0,1,,,,,,,,
r09,14,23/07/2025,ki276,3,1,0,2,0,0,0,,,,,,,,
r09,14,23/07/2025,ki276,4,1,0,2,0,0,0,,,,,,,,
r09,14,23/07/2025,ci276,1,0,-1,0,-1,-1,0,,,,,,,,
r09,14,23/07/2025,ci276,2,0,-1,0,-1,-1,0,,,,,,,,
r09,14,23/07/2025,ci276,3,0,-1,0,-1,-1,0,,,,,,,,
r09,14,23/07/2025,ci276,4,0,-1,0,-1,-1,0,,,,,,,,
r09,15,24/07/2025,ki270,1,0,-1,0,-1,-1,0,,,,,,,,
r09,15,24/07/2025,ki270,2,0,-1,0,-1,-1,0,,,,,,,,
r09,15,24/07/2025,ki270,3,0,-1,0,-1,-1,0,,,,,,,,
r09,15,24/07/2025,ki270,4,0,-1,0,-1,-1,0,,,,,,,,
r09,15,24/07/2025,ci270,1,0,-1,0,-1,-1,0,,,,,,,,
r09,15,24/07/2025,ci270,2,0,-1,0,-1,-1,0,,,,,,,,
r09,15,24/07/2025,ci270,3,0,-1,0,-1,-1,0,,,,,,,,
r09,15,24/07/2025,ci270,4,0,-1,0,-1,-1,0,,,,,,,,
r09,15,24/07/2025,ki276,1,1,0,2,0,0,0,,,,,,,,
r09,15,24/07/2025,ki276,2,1,0,2,0,0,0,,,,,,,,
r09,15,24/07/2025,ki276,3,1,0,1,0,-1,0,,,,,,,,
r09,15,24/07/2025,ki276,4,1,0,2,0,0,0,,,,,,,,
r09,15,24/07/2025,ci276,1,0,-1,0,-1,-1,0,,,,,,,,
r09,15,24/07/2025,ci276,2,0,-1,0,-1,-1,0,,,,,,,,
r09,15,24/07/2025,ci276,3,0,-1,0,-1,-1,0,,,,,,,,
r09,15,24/07/2025,ci276,4,0,-1,0,-1,-1,0,,,,,,,,
r09,16,25/07/2025,ki270,1,0,-1,0,-1,-1,0,,,,,,,,
r09,16,25/07/2025,ki270,2,0,-1,0,-1,-1,0,,,,,,,,
r09,16,25/07/2025,ki270,3,0,-1,0,-1,-1,0,,,,,,,,
r09,16,25/07/2025,ki270,4,0,-1,0,-1,-1,0,,,,,,,,
r09,16,25/07/2025,ci270,1,0,-1,0,-1,-1,0,,,,,,,,
r09,16,25/07/2025,ci270,2,0,-1,0,-1,-1,0,,,,,,,,
r09,16,25/07/2025,ci270,3,0,-1,0,-1,-1,0,,,,,,,,
r09,16,25/07/2025,ci270,4,0,-1,0,-1,-1,0,,,,,,,,
r09,16,25/07/2025,ki276,1,1,0,2,0,0,1,,,,,,,,
r09,16,25/07/2025,ki276,2,1,0,2,0,0,0,,,,,,,,
r09,16,25/07/2025,ki276,3,1,0,2,0,0,0,,,,,,,,
r09,16,25/07/2025,ki276,4,1,0,2,0,0,0,,,,,,,,
r09,16,25/07/2025,ci276,1,0,-1,0,-1,-1,0,,,,,,,,
r09,16,25/07/2025,ci276,2,0,-1,0,-1,-1,0,,,,,,,,
r09,16,25/07/2025,ci276,3,0,-1,0,-1,-1,0,,,,,,,,
r09,16,25/07/2025,ci276,4,0,-1,0,-1,-1,0,,,,,,,,
r09,17,26/07/2025,ki270,1,0,-1,0,-1,-1,0,,,,,,,,
r09,17,26/07/2025,ki270,2,0,-1,0,-1,-1,0,,,,,,,,
r09,17,26/07/2025,ki270,3,0,-1,0,-1,-1,0,,,,,,,,
r09,17,26/07/2025,ki270,4,0,-1,0,-1,-1,0,,,,,,,,
r09,17,26/07/2025,ci270,1,0,-1,0,-1,-1,0,,,,,,,,
r09,17,26/07/2025,ci270,2,0,-1,0,-1,-1,0,,,,,,,,
r09,17,26/07/2025,ci270,3,0,-1,0,-1,-1,0,,,,,,,,
r09,17,26/07/2025,ci270,4,0,-1,0,-1,-1,0,,,,,,,,
r09,17,26/07/2025,ki276,1,1,0,2,0,0,0,,,,,,,,
r09,17,26/07/2025,ki276,2,1,0,2,0,0,0,,,,,,,,
r09,17,26/07/2025,ki276,3,1,0,1,0,-1,0,,,,,,,,
r09,17,26/07/2025,ki276,4,1,0,2,0,0,0,,,,,,,,
r09,17,26/07/2025,ci276,1,0,-1,0,-1,-1,0,,,,,,,,
r09,17,26/07/2025,ci276,2,0,-1,0,-1,-1,0,,,,,,,,
r09,17,26/07/2025,ci276,3,0,-1,0,-1,-1,0,,,,,,,,
r09,17,26/07/2025,ci276,4,0,-1,0,-1,-1,0,,,,,,,,
r09,18,27/07/2025,ki270,1,0,-1,0,-1,-1,0,,,,,,,,
r09,18,27/07/2025,ki270,2,0,-1,0,-1,-1,0,,,,,,,,
r09,18,27/07/2025,ki270,3,0,-1,0,-1,-1,0,,,,,,,,
r09,18,27/07/2025,ki270,4,0,-1,0,-1,-1,0,,,,,,,,
r09,18,27/07/2025,ci270,1,0,-1,0,-1,-1,0,,,,,,,,
r09,18,27/07/2025,ci270,2,0,-1,0,-1,-1,0,,,,,,,,
r09,18,27/07/2025,ci270,3,0,-1,0,-1,-1,0,,,,,,,,
r09,18,27/07/2025,ci270,4,0,-1,0,-1,-1,0,,,,,,,,
r09,18,27/07/2025,ki276,1,1,0,2,0,0,0,,,,,,,,
r09,18,27/07/2025,ki276,2,1,0,2,0,0,0,,,,,,,,
r09,18,27/07/2025,ki276,3,1,0,2,0,0,0,,,,,,,,
r09,18,27/07/2025,ki276,4,1,0,2,0,0,0,,,,,,,,
r09,18,27/07/2025,ci276,1,0,-1,0,-1,-1,0,,,,,,,,
r09,18,27/07/2025,ci276,2,0,-1,0,-1,-1,0,,,,,,,,
r09,18,27/07/2025,ci276,3,0,-1,0,-1,-1,0,,,,,,,,
r09,18,27/07/2025,ci276,4,0,-1,0,-1,-1,0,,,,,,,,
r09,19,28/07/2025,ki270,1,0,-1,0,-1,-1,0,,,,,,,,
r09,19,28/07/2025,ki270,2,0,-1,0,-1,-1,0,,,,,,,,
r09,19,28/07/2025,ki270,3,0,-1,0,-1,-1,0,,,,,,,,
r09,19,28/07/2025,ki270,4,0,-1,0,-1,-1,0,,,,,,,,
r09,19,28/07/2025,ci270,1,0,-1,0,-1,-1,0,,,,,,,,
r09,19,28/07/2025,ci270,2,0,-1,0,-1,-1,0,,,,,,,,
r09,19,28/07/2025,ci270,3,0,-1,0,-1,-1,0,,,,,,,,
r09,19,28/07/2025,ci270,4,0,-1,0,-1,-1,0,,,,,,,,
r09,19,28/07/2025,ki276,1,1,0,2,0,0,0,,,,,,,,
r09,19,28/07/2025,ki276,2,1,0,2,0,0,0,,,,,,,,
r09,19,28/07/2025,ki276,3,1,0,2,0,0,0,,,,,,,,
r09,19,28/07/2025,ki276,4,1,0,2,0,0,0,,,,,,,,
r09,19,28/07/2025,ci276,1,0,-1,0,-1,-1,0,,,,,,,,
r09,19,28/07/2025,ci276,2,0,-1,0,-1,-1,0,,,,,,,,
r09,19,28/07/2025,ci276,3,0,-1,0,-1,-1,0,,,,,,,,
r09,19,28/07/2025,ci276,4,0,-1,0,-1,-1,0,,,,,,,,
r09,20,29/07/2025,ki270,1,0,-1,0,-1,-1,0,,,,,,,,
r09,20,29/07/2025,ki270,2,0,-1,0,-1,-1,0,,,,,,,,
r09,20,29/07/2025,ki270,3,0,-1,0,-1,-1,0,,,,,,,,
r09,20,29/07/2025,ki270,4,0,-1,0,-1,-1,0,,,,,,,,
r09,20,29/07/2025,ci270,1,0,-1,0,-1,-1,0,,,,,,,,
r09,20,29/07/2025,ci270,2,0,-1,0,-1,-1,0,,,,,,,,
r09,20,29/07/2025,ci270,3,0,-1,0,-1,-1,0,,,,,,,,
r09,20,29/07/2025,ci270,4,0,-1,0,-1,-1,0,,,,,,,,
r09,20,29/07/2025,ki276,1,1,0,2,0,0,0,,,,,,,,
r09,20,29/07/2025,ki276,2,1,0,2,0,0,0,,,,,,,,
r09,20,29/07/2025,ki276,3,1,0,2,0,0,0,,,,,,,,
r09,20,29/07/2025,ki276,4,1,0,2,0,0,0,,,,,,,,
r09,20,29/07/2025,ci276,1,0,-1,0,-1,-1,0,,,,,,,,
r09,20,29/07/2025,ci276,2,0,-1,0,-1,-1,0,,,,,,,,
r09,20,29/07/2025,ci276,3,0,-1,0,-1,-1,0,,,,,,,,
r09,20,29/07/2025,ci276,4,0,-1,0,-1,-1,0,,,,,,,,
r09,21,30/07/2025,ki270,1,0,-1,0,-1,-1,0,,,,,,,,
r09,21,30/07/2025,ki270,2,0,-1,0,-1,-1,0,,,,,,,,
r09,21,30/07/2025,ki270,3,0,-1,0,-1,-1,0,,,,,,,,
r09,21,30/07/2025,ki270,4,0,-1,0,-1,-1,0,,,,,,,,
r09,21,30/07/2025,ci270,1,0,-1,0,-1,-1,0,,,,,,,,
r09,21,30/07/2025,ci270,2,0,-1,0,-1,-1,0,,,,,,,,
r09,21,30/07/2025,ci270,3,0,-1,0,-1,-1,0,,,,,,,,
r09,21,30/07/2025,ci270,4,0,-1,0,-1,-1,0,,,,,,,,
r09,21,30/07/2025,ki276,1,1,0,2,0,0,0,,,,,,,,
r09,21,30/07/2025,ki276,2,1,0,2,0,0,0,,,,,,,,
r09,21,30/07/2025,ki276,3,0,-1,0,-1,-1,0,,,,,,,,
r09,21,30/07/2025,ki276,4,0,-1,0,-1,-1,0,,,,,,,,
r09,21,30/07/2025,ci276,1,0,-1,0,-1,-1,0,,,,,,,,
r09,21,30/07/2025,ci276,2,0,-1,0,-1,-1,0,,,,,,,,
r09,21,30/07/2025,ci276,3,0,-1,0,-1,-1,0,,,,,,,,
r09,21,30/07/2025,ci276,4,0,-1,0,-1,-1,0,,,,,,,,