"replicate","pot","pot_unique","species","temp_mean","temp_range","exposed","treatment","max_span","km_RMST_0toMax","km_RMST_0toMax_upper","km_RMST_0toMax_lower","n_total","n_deaths","n_censored"
"r01","kc270","r01_kc270","An. gambiae","27","0","Control","27±0°C",19,9.78552155657126,11.528824646499,8.04221846664347,77,50,27
"r01","kc276","r01_kc276","An. gambiae","27","6","Control","27±6°C",23,10.5588872799354,12.7840707942602,8.33370376561055,76,44,32
"r01","ki270","r01_ki270","An. gambiae","27","0","Exposed","27±0°C",21,13.2408777399807,15.1856338938742,11.2961215860872,84,54,30
"r01","ki276","r01_ki276","An. gambiae","27","6","Exposed","27±6°C",19,10.0295650131917,12.45198904767,7.60714097871343,85,60,25
"r02","cc276","r02_cc276","An. coluzzii","27","6","Control","27±6°C",17,7.99151701629484,10.0895348585844,5.89349917400528,164,130,34
"r02","ci276","r02_ci276","An. coluzzii","27","6","Exposed","27±6°C",15,8.98249777526626,10.6843539315907,7.28064161894182,109,80,29
"r02","kc270","r02_kc270","An. gambiae","27","0","Control","27±0°C",19,10.6152889600046,12.2268635043019,9.00371441570742,144,99,45
"r02","kc276","r02_kc276","An. gambiae","27","6","Control","27±6°C",19,12.4960928694365,13.4035981310013,11.5885876078717,140,67,73
"r02","ki270","r02_ki270","An. gambiae","27","0","Exposed","27±0°C",19,11.9389864352423,13.3593606962967,10.518612174188,128,80,48
"r02","ki276","r02_ki276","An. gambiae","27","6","Exposed","27±6°C",19,13.5503577337708,14.177135009229,12.9235804583126,124,37,87
"r03","cc270","r03_cc270","An. coluzzii","27","0","Control","27±0°C",19,12.951246960021,14.2961430461863,11.6063508738557,71,23,48
"r03","cc276","r03_cc276","An. coluzzii","27","6","Control","27±6°C",20,14.4226805421601,Inf,-Inf,151,55,96
"r03","ci270","r03_ci270","An. coluzzii","27","0","Exposed","27±0°C",19,11.3843247523251,13.0154816786888,9.75316782596136,98,50,48
"r03","ci276","r03_ci276","An. coluzzii","27","6","Exposed","27±6°C",21,11.4481493575574,12.6718166611271,10.2244820539878,77,26,51
"r03","kc270","r03_kc270","An. gambiae","27","0","Control","27±0°C",17,9.35802441126053,10.9274334170019,7.78861540551919,69,32,37
"r03","kc276","r03_kc276","An. gambiae","27","6","Control","27±6°C",21,10.5917401412127,12.0665141738936,9.11696610853182,82,28,54
"r03","ki270","r03_ki270","An. gambiae","27","0","Exposed","27±0°C",17,8.33169590643275,9.14915778181166,7.51423403105383,45,8,37
"r03","ki276","r03_ki276","An. gambiae","27","6","Exposed","27±6°C",17,9.84143763213531,10.4940831985888,9.18879206568179,43,5,38
"r04","cc270","r04_cc270","An. coluzzii","27","0","Control","27±0°C",21,11.604827705777,13.6822462023663,9.52740920918768,103,54,49
"r04","cc276","r04_cc276","An. coluzzii","27","6","Control","27±6°C",23,15.7376792819628,17.2205612943683,14.2547972695573,155,90,65
"r04","ci270","r04_ci270","An. coluzzii","27","0","Exposed","27±0°C",23,16.1670299671023,18.1350327995509,14.1990271346538,134,57,77
"r04","ci276","r04_ci276","An. coluzzii","27","6","Exposed","27±6°C",23,14.0220441400405,16.4311436223307,11.6129446577503,133,58,75
"r04","ki270","r04_ki270","An. gambiae","27","0","Exposed","27±0°C",21,12.7298136645963,13.6574321821426,11.80219514705,46,4,42
"r04","ki276","r04_ki276","An. gambiae","27","6","Exposed","27±6°C",21,11.0165043290043,11.8545786172521,10.1784300407565,52,4,48
"r05","cc216","r05_cc216","An. coluzzii","21","6","Control","21±6°C",23,12.1889054645422,14.0518483397016,10.3259625893828,131,72,59
"r05","ci216","r05_ci216","An. coluzzii","21","6","Exposed","21±6°C",17,8.34684834459318,9.81981490310324,6.87388178608312,156,112,44
"r05","kc210","r05_kc210","An. gambiae","21","0","Control","21±0°C",25,12.2137762208247,12.952556330428,11.4749961112215,76,11,65
"r05","kc216","r05_kc216","An. gambiae","21","6","Control","21±6°C",29,16.4212426934385,18.9732524907798,13.8692328960972,99,26,73
"r05","ki210","r05_ki210","An. gambiae","21","0","Exposed","21±0°C",30,20.0838763696273,22.0615813382515,18.1061714010031,114,32,82
"r05","ki216","r05_ki216","An. gambiae","21","6","Exposed","21±6°C",27,17.5048855498195,19.4466658505222,15.5631052491168,113,42,71
"r06","cc210","r06_cc210","An. coluzzii","21","0","Control","21±0°C",29,16.1159715920126,17.9557504916634,14.2761926923618,134,60,74
"r06","cc216","r06_cc216","An. coluzzii","21","6","Control","21±6°C",27,14.6858170490569,16.5872885127705,12.7843455853433,159,88,71
"r06","ci210","r06_ci210","An. coluzzii","21","0","Exposed","21±0°C",22,13.4456546252465,15.1009822484804,11.7903270020125,124,56,68
"r06","ci216","r06_ci216","An. coluzzii","21","6","Exposed","21±6°C",21,14.0857622556247,15.26047502735,12.9110494838995,91,25,66
"r06","kc210","r06_kc210","An. gambiae","21","0","Control","21±0°C",30,16.6499741367568,17.9293265862201,15.3706216872934,113,31,82
"r06","kc216","r06_kc216","An. gambiae","21","6","Control","21±6°C",25,9.66025541899346,11.1667815479915,8.1537292899954,143,81,62
"r06","ki210","r06_ki210","An. gambiae","21","0","Exposed","21±0°C",29,18.4319276662665,20.813371253571,16.050484078962,139,54,85
"r06","ki216","r06_ki216","An. gambiae","21","6","Exposed","21±6°C",25,12.8968300367112,14.5574433205511,11.2362167528713,130,60,70
"r07","cc210","r07_cc210","An. coluzzii","21","0","Control","21±0°C",21,8.5535722426353,10.5839898790564,6.52315460621421,197,147,50
"r07","cc216","r07_cc216","An. coluzzii","21","6","Control","21±6°C",17,7.1037545644224,9.50486693907094,4.70264218977387,221,184,37
"r07","ci210","r07_ci210","An. coluzzii","21","0","Exposed","21±0°C",21,11.5206720218609,13.3438475878373,9.69749645588454,171,104,67
"r07","ci216","r07_ci216","An. coluzzii","21","6","Exposed","21±6°C",17,7.82429162580506,9.71778920231815,5.93079404929198,187,140,47
"r07","kc210","r07_kc210","An. gambiae","21","0","Control","21±0°C",27,15.3647646390209,16.8534162245685,13.8761130534732,92,26,66
"r07","kc216","r07_kc216","An. gambiae","21","6","Control","21±6°C",27,13.0585102942161,15.0998481719667,11.0171724164656,149,88,61
"r07","ki210","r07_ki210","An. gambiae","21","0","Exposed","21±0°C",27,14.6425668413153,16.3925727628941,12.8925609197364,145,68,77
"r07","ki216","r07_ki216","An. gambiae","21","6","Exposed","21±6°C",27,13.477020630032,15.3686726020965,11.5853686579676,173,97,76
"r08","cc270","r08_cc270","An. coluzzii","27","0","Control","27±0°C",21,12.2258248201069,14.016558619889,10.4350910203248,157,104,53
"r08","cc276","r08_cc276","An. coluzzii","27","6","Control","27±6°C",21,11.7329252325125,14.2264545812711,9.23939588375396,153,103,50
"r08","ci270","r08_ci270","An. coluzzii","27","0","Exposed","27±0°C",17,9.4829435300902,11.2007649581966,7.7651221019838,167,111,56
"r08","ci276","r08_ci276","An. coluzzii","27","6","Exposed","27±6°C",18,9.63477832086422,11.4952656577304,7.77429098399809,181,122,59
"r08","kc270","r08_kc270","An. gambiae","27","0","Control","27±0°C",23,14.0750254642081,15.4819556500386,12.6680952783776,124,63,61
"r08","kc276","r08_kc276","An. gambiae","27","6","Control","27±6°C",23,12.8930024068664,14.9771235910397,10.808881222693,123,66,57
"r08","ki270","r08_ki270","An. gambiae","27","0","Exposed","27±0°C",19,12.7843808924636,14.3829217071513,11.1858400777759,105,43,62
"r08","ki276","r08_ki276","An. gambiae","27","6","Exposed","27±6°C",22,14.8540232048902,16.5669566389131,13.1410897708674,144,69,75
"r09","cc270","r09_cc270","An. coluzzii","27","0","Control","27±0°C",23,13.8644020988363,15.4847195623357,12.244084635337,105,45,60
"r09","cc276","r09_cc276","An. coluzzii","27","6","Control","27±6°C",19,9.5136217300568,11.2648455955289,7.7623978645847,119,71,48
"r09","ci270","r09_ci270","An. coluzzii","27","0","Exposed","27±0°C",21,9.00696170517231,10.9196152234332,7.09430818691145,160,101,59
"r09","ci276","r09_ci276","An. coluzzii","27","6","Exposed","27±6°C",19,8.56013546507247,10.3129458120187,6.80732511812622,140,87,53
"r09","kc270","r09_kc270","An. gambiae","27","0","Control","27±0°C",21,12.4404340324416,13.8282100428725,11.0526580220106,79,25,54
"r09","kc276","r09_kc276","An. gambiae","27","6","Control","27±6°C",23,10.965341869054,12.7270007383123,9.2036829997957,95,40,55
"r09","ki270","r09_ki270","An. gambiae","27","0","Exposed","27±0°C",23,11.4511312610016,13.4339099264734,9.4683525955298,160,93,67
"r09","ki276","r09_ki276","An. gambiae","27","6","Exposed","27±6°C",21,11.2164604339579,13.3556623715488,9.07725849636697,174,104,70
