"","replicate","dpi","cal_day","pot","dead","saliva","menu","egglay_tonight","egglay_last night","egglay_pic","alive","for_eip_not_mirs","sg_dissected"
"1","r00",0,2023-03-13,"kc270",0,"0","is",0,"-",NA,0,NA,0
"2","r00",0,2023-03-13,"ki270",0,"0","is",0,"-",NA,0,NA,0
"3","r00",0,2023-03-13,"cc270",0,"0","is",0,"-",NA,0,NA,0
"4","r00",0,2023-03-13,"ci270",0,"0","is",0,"-",NA,0,NA,0
"5","r00",1,2023-03-14,"kc270",7,"0","s",0,"-",NA,0,NA,0
"6","r00",1,2023-03-14,"ki270",1,"0","s",0,"-",NA,0,NA,0
"7","r00",1,2023-03-14,"cc270",3,"0","s",0,"-",NA,0,NA,0
"8","r00",1,2023-03-14,"ci270",3,"0","s",0,"-",NA,0,NA,0
"9","r00",2,2023-03-15,"kc270",3,"0","s",1,"-",NA,0,NA,0
"10","r00",2,2023-03-15,"ki270",2,"0","s",1,"-",NA,0,NA,0
"11","r00",2,2023-03-15,"cc270",2,"0","s",1,"-",NA,0,NA,0
"12","r00",2,2023-03-15,"ci270",0,"0","s",1,"-",NA,0,NA,0
"13","r00",3,2023-03-16,"kc270",5,"0","w",1,"-",NA,3,0,0
"14","r00",3,2023-03-16,"ki270",9,"0","w",1,"-",NA,3,0,0
"15","r00",3,2023-03-16,"cc270",12,"0","w",1,"-",NA,3,0,0
"16","r00",3,2023-03-16,"ci270",8,"0","w",1,"-",NA,3,0,0
"17","r00",4,2023-03-17,"kc270",2,"0","bs",0,"-",NA,0,NA,0
"18","r00",4,2023-03-17,"ki270",3,"0","bs",0,"-",NA,0,NA,0
"19","r00",4,2023-03-17,"cc270",2,"0","bs",0,"-",NA,0,NA,0
"20","r00",4,2023-03-17,"ci270",1,"0","bs",0,"-",NA,0,NA,0
"21","r00",5,2023-03-18,"kc270",3,"0","s",0,"-",NA,0,NA,0
"22","r00",5,2023-03-18,"ki270",0,"0","s",0,"-",NA,0,NA,0
"23","r00",5,2023-03-18,"cc270",9,"0","s",0,"-",NA,0,NA,0
"24","r00",5,2023-03-18,"ci270",5,"0","s",0,"-",NA,0,NA,0
"25","r00",6,2023-03-19,"kc270",1,"0","s",1,"-",NA,3,0,0
"26","r00",6,2023-03-19,"ki270",1,"0","s",1,"-",NA,3,0,0
"27","r00",6,2023-03-19,"cc270",1,"0","s",1,"-",NA,3,0,0
"28","r00",6,2023-03-19,"ci270",0,"0","s",1,"-",NA,3,0,0
"29","r00",7,2023-03-20,"kc270",0,"0","w",1,"-",NA,0,NA,0
"30","r00",7,2023-03-20,"ki270",1,"0","w",1,"-",NA,0,NA,0
"31","r00",7,2023-03-20,"cc270",3,"0","w",1,"-",NA,0,NA,0
"32","r00",7,2023-03-20,"ci270",1,"0","w",1,"-",NA,0,NA,0
"33","r00",8,2023-03-21,"kc270",1,"0","bs",0,"-",NA,0,NA,0
"34","r00",8,2023-03-21,"ki270",0,"0","bs",0,"-",NA,0,NA,0
"35","r00",8,2023-03-21,"cc270",0,"0","bs",0,"-",NA,0,NA,0
"36","r00",8,2023-03-21,"ci270",2,"0","bs",0,"-",NA,0,NA,0
"37","r00",9,2023-03-22,"kc270",3,"1","s",0,"-",NA,3,0,0
"38","r00",9,2023-03-22,"ki270",3,"1","s",0,"-",NA,3,0,0
"39","r00",9,2023-03-22,"cc270",0,"1","s",0,"-",NA,3,0,0
"40","r00",9,2023-03-22,"ci270",3,"1","s",0,"-",NA,3,0,0
"41","r00",10,2023-03-23,"kc270",1,"1","s",1,"-",NA,0,NA,0
"42","r00",10,2023-03-23,"ki270",1,"1","s",1,"-",NA,0,NA,0
"43","r00",10,2023-03-23,"cc270",0,"1","s",1,"-",NA,0,NA,0
"44","r00",10,2023-03-23,"ci270",9,"1","s",1,"-",NA,0,NA,0
"45","r00",11,2023-03-24,"kc270",0,"1","w",1,"-",NA,3,0,0
"46","r00",11,2023-03-24,"ki270",0,"1","w",1,"-",NA,3,0,0
"47","r00",11,2023-03-24,"cc270",1,"1","w",1,"-",NA,3,0,0
"48","r00",11,2023-03-24,"ci270",3,"1","w",1,"-",NA,3,0,0
"49","r00",12,2023-03-25,"kc270",1,"1","bs",0,"-",NA,0,NA,0
"50","r00",12,2023-03-25,"ki270",1,"1","bs",0,"-",NA,0,NA,0
"51","r00",12,2023-03-25,"cc270",2,"1","bs",0,"-",NA,0,NA,0
"52","r00",12,2023-03-25,"ci270",1,"1","bs",0,"-",NA,0,NA,0
"53","r00",13,2023-03-26,"kc270",4,"1","s",0,"-",NA,3,0,0
"54","r00",13,2023-03-26,"ki270",4,"1","s",0,"-",NA,3,0,0
"55","r00",13,2023-03-26,"cc270",6,"1","s",0,"-",NA,3,0,0
"56","r00",13,2023-03-26,"ci270",9,"1","s",0,"-",NA,3,0,0
"57","r00",14,2023-03-27,"kc270",1,"1","s",1,"-",NA,0,NA,0
"58","r00",14,2023-03-27,"ki270",1,"1","s",1,"-",NA,0,NA,0
"59","r00",14,2023-03-27,"cc270",0,"1","s",1,"-",NA,0,NA,0
"60","r00",14,2023-03-27,"ci270",2,"1","s",1,"-",NA,0,NA,0
"61","r00",15,2023-03-28,"kc270",0,"1","w",1,"-",NA,11,0,0
"62","r00",15,2023-03-28,"ki270",4,"1","w",1,"-",NA,14,0,0
"63","r00",15,2023-03-28,"cc270",1,"1","w",1,"-",NA,7,0,0
"64","r00",15,2023-03-28,"ci270",0,"1","w",1,"-",NA,6,0,0
"65","r01",0,2023-06-05,"kc270",0,"0","is",0,"-",NA,0,NA,0
"66","r01",0,2023-06-05,"ki270",0,"0","is",0,"-",NA,0,NA,0
"67","r01",0,2023-06-05,"kc276",0,"0","is",0,"-",NA,0,NA,0
"68","r01",0,2023-06-05,"ki276",0,"0","is",0,"-",NA,0,NA,0
"69","r01",1,2023-06-06,"kc270",0,"0","s",0,"-",NA,0,NA,0
"70","r01",1,2023-06-06,"ki270",1,"0","s",0,"-",NA,0,NA,0
"71","r01",1,2023-06-06,"kc276",0,"0","s",0,"-",NA,0,NA,0
"72","r01",1,2023-06-06,"ki276",2,"0","s",0,"-",NA,0,NA,0
"73","r01",2,2023-06-07,"kc270",0,"0","s",1,"-",NA,0,NA,0
"74","r01",2,2023-06-07,"ki270",0,"0","s",1,"-",NA,0,NA,0
"75","r01",2,2023-06-07,"kc276",0,"0","s",1,"-",NA,0,NA,0
"76","r01",2,2023-06-07,"ki276",0,"0","s",1,"-",NA,0,NA,0
"77","r01",3,2023-06-08,"kc270",1,"0","w",1,"0",NA,3,0,0
"78","r01",3,2023-06-08,"ki270",0,"0","w",1,"0",NA,3,0,0
"79","r01",3,2023-06-08,"kc276",0,"0","w",1,"1",NA,3,0,0
"80","r01",3,2023-06-08,"ki276",2,"0","w",1,"0",NA,3,0,0
"81","r01",4,2023-06-09,"kc270",0,"0","bs",0,"0",NA,0,NA,0
"82","r01",4,2023-06-09,"ki270",3,"0","bs",0,"0",NA,0,NA,0
"83","r01",4,2023-06-09,"kc276",1,"0","bs",0,"0",NA,0,NA,0
"84","r01",4,2023-06-09,"ki276",0,"0","bs",0,"0",NA,0,NA,0
"85","r01",5,2023-06-10,"kc270",3,"a1","s",0,"-",NA,0,NA,0
"86","r01",5,2023-06-10,"ki270",2,"a2","s",0,"-",NA,0,NA,0
"87","r01",5,2023-06-10,"kc276",3,"a3","s",0,"-",NA,0,NA,0
"88","r01",5,2023-06-10,"ki276",3,"a4","s",0,"-",NA,0,NA,0
"89","r01",6,2023-06-11,"kc270",0,"a5","s",1,"-",NA,3,0,0
"90","r01",6,2023-06-11,"ki270",0,"a6","s",1,"-",NA,3,0,0
"91","r01",6,2023-06-11,"kc276",0,"a7","s",1,"-",NA,3,0,0
"92","r01",6,2023-06-11,"ki276",0,"a8","s",1,"-",NA,3,0,0
"93","r01",7,2023-06-12,"kc270",1,"a9","w",1,"1",NA,0,NA,0
"94","r01",7,2023-06-12,"ki270",0,"a10","w",1,"1",NA,0,NA,0
"95","r01",7,2023-06-12,"kc276",0,"a11","w",1,"1",NA,0,NA,0
"96","r01",7,2023-06-12,"ki276",1,"a12","w",1,"1",NA,0,NA,0
"97","r01",8,2023-06-13,"kc270",0,"b1","bs",0,"1",NA,0,NA,0
"98","r01",8,2023-06-13,"ki270",1,"b2","bs",0,"1",NA,0,NA,0
"99","r01",8,2023-06-13,"kc276",0,"b3","bs",0,"1",NA,0,NA,0
"100","r01",8,2023-06-13,"ki276",1,"b4","bs",0,"1",NA,0,NA,0
"101","r01",9,2023-06-14,"kc270",7,"b5","s",0,"-",NA,3,0,0
"102","r01",9,2023-06-14,"ki270",4,"b6","s",0,"-",NA,3,0,0
"103","r01",9,2023-06-14,"kc276",3,"b7","s",0,"-",NA,3,0,0
"104","r01",9,2023-06-14,"ki276",11,"b8","s",0,"-",NA,3,0,0
"105","r01",10,2023-06-15,"kc270",3,"b9","s",1,"-",NA,0,NA,0
"106","r01",10,2023-06-15,"ki270",1,"b10","s",1,"-",NA,0,NA,0
"107","r01",10,2023-06-15,"kc276",3,"b11","s",1,"-",NA,0,NA,0
"108","r01",10,2023-06-15,"ki276",6,"b12","s",1,"-",NA,0,NA,0
"109","r01",11,2023-06-16,"kc270",1,"c1","w",1,"1",NA,3,0,0
"110","r01",11,2023-06-16,"ki270",1,"c2","w",1,"1",NA,3,0,0
"111","r01",11,2023-06-16,"kc276",0,"c3","w",1,"1",NA,3,0,0
"112","r01",11,2023-06-16,"ki276",1,"c4","w",1,"1",NA,3,0,0
"113","r01",12,2023-06-17,"kc270",1,"c5","bs",0,"1",NA,0,NA,0
"114","r01",12,2023-06-17,"ki270",1,"c6","bs",0,"1",NA,0,NA,0
"115","r01",12,2023-06-17,"kc276",0,"c7","bs",0,"1",NA,0,NA,0
"116","r01",12,2023-06-17,"ki276",2,"c8","bs",0,"1",NA,0,NA,0
"117","r01",13,2023-06-18,"kc270",7,"c9","s",0,"-",NA,3,0,0
"118","r01",13,2023-06-18,"ki270",7,"c10","s",0,"-",NA,3,0,0
"119","r01",13,2023-06-18,"kc276",8,"c11","s",0,"-",NA,3,0,0
"120","r01",13,2023-06-18,"ki276",13,"c12","s",0,"-",NA,3,0,0
"121","r01",14,2023-06-19,"kc270",3,"d1","s",1,"-",NA,0,NA,0
"122","r01",14,2023-06-19,"ki270",3,"d2","s",1,"-",NA,0,NA,0
"123","r01",14,2023-06-19,"kc276",5,"d3","s",1,"-",NA,0,NA,0
"124","r01",14,2023-06-19,"ki276",6,"d4","s",1,"-",NA,0,NA,0
"125","r01",15,2023-06-20,"kc270",4,"d5","w",1,"1",NA,4,0,0
"126","r01",15,2023-06-20,"ki270",2,"d6","w",1,"1",NA,4,0,0
"127","r01",15,2023-06-20,"kc276",4,"d7","w",1,"1",NA,4,0,0
"128","r01",15,2023-06-20,"ki276",4,"d8","w",1,"1",NA,4,0,0
"129","r01",16,2023-06-21,"kc270",2,"d9","bs",0,"1",NA,0,NA,0
"130","r01",16,2023-06-21,"ki270",2,"d10","bs",0,"1",NA,0,NA,0
"131","r01",16,2023-06-21,"kc276",2,"d11","bs",0,"0",NA,0,NA,0
"132","r01",16,2023-06-21,"ki276",2,"d12","bs",0,"0",NA,0,NA,0
"133","r01",17,2023-06-22,"kc270",13,"e1","s",0,"-",NA,4,0,0
"134","r01",17,2023-06-22,"ki270",9,"e2","s",0,"-",NA,4,0,0
"135","r01",17,2023-06-22,"kc276",5,"e3","s",0,"-",NA,4,0,0
"136","r01",17,2023-06-22,"ki276",1,"e4","s",0,"-",NA,4,0,0
"137","r01",18,2023-06-23,"kc270",1,"e5","s",1,"-",NA,0,NA,0
"138","r01",18,2023-06-23,"ki270",2,"e6","s",1,"-",NA,0,NA,0
"139","r01",18,2023-06-23,"kc276",5,"e7","s",1,"-",NA,0,NA,0
"140","r01",18,2023-06-23,"ki276",2,"e8","s",1,"-",NA,0,NA,0
"141","r01",19,2023-06-24,"kc270",3,"e9","w",1,"1",NA,4,0,0
"142","r01",19,2023-06-24,"ki270",5,"e10","w",1,"0",NA,4,0,0
"143","r01",19,2023-06-24,"kc276",3,"e11","w",1,"1",NA,4,0,0
"144","r01",19,2023-06-24,"ki276",3,"e12","w",1,"1",NA,2,0,0
"145","r01",20,2023-06-25,"kc270",0,"f1","bs",0,"-",NA,0,NA,0
"146","r01",20,2023-06-25,"ki270",4,"f2","bs",0,"1",NA,0,NA,0
"147","r01",20,2023-06-25,"kc276",2,"f3","bs",0,"1",NA,0,NA,0
"148","r01",20,2023-06-25,"ki276",0,"f4","bs",0,"-",NA,0,NA,0
"149","r01",21,2023-06-26,"kc270",0,"f5","s",0,"-",NA,0,NA,0
"150","r01",21,2023-06-26,"ki270",6,"f6","s",0,"-",NA,3,0,0
"151","r01",21,2023-06-26,"kc276",0,"f7","s",0,"-",NA,4,0,0
"152","r01",21,2023-06-26,"ki276",0,"f8","s",0,"-",NA,0,NA,0
"153","r01",22,2023-06-27,"kc270",0,"f9","s",1,"-",NA,0,NA,0
"154","r01",22,2023-06-27,"ki270",0,"f10","s",1,"-",NA,0,NA,0
"155","r01",22,2023-06-27,"kc276",0,"f11","s",1,"-",NA,0,NA,0
"156","r01",22,2023-06-27,"ki276",0,"f12","s",1,"-",NA,0,NA,0
"157","r01",23,2023-06-28,"kc270",0,"g1","w",1,"-",NA,0,NA,0
"158","r01",23,2023-06-28,"ki270",0,"g2","w",1,"-",NA,0,NA,0
"159","r01",23,2023-06-28,"kc276",0,"g3","w",1,"1",NA,1,0,0
"160","r01",23,2023-06-28,"ki276",0,"g4","w",1,"-",NA,0,NA,0
"161","r02",0,2023-08-28,"kc270",0,NA,"is",0,"-",NA,0,NA,0
"162","r02",0,2023-08-28,"ki270",0,NA,"is",0,"-",NA,0,NA,0
"163","r02",0,2023-08-28,"kc276",0,NA,"is",0,"-",NA,0,NA,0
"164","r02",0,2023-08-28,"ki276",0,NA,"is",0,"-",NA,0,NA,0
"165","r02",0,2023-08-28,"cc276",0,NA,"is",0,"-",NA,0,NA,0
"166","r02",0,2023-08-28,"ci276",0,NA,"is",0,"-",NA,0,NA,0
"167","r02",1,2023-08-29,"kc270",1,NA,"s",0,"-",NA,0,NA,0
"168","r02",1,2023-08-29,"ki270",3,NA,"s",0,"-",NA,0,NA,0
"169","r02",1,2023-08-29,"kc276",1,NA,"s",0,"-",NA,0,NA,0
"170","r02",1,2023-08-29,"ki276",1,NA,"s",0,"-",NA,0,NA,0
"171","r02",1,2023-08-29,"cc276",13,NA,"s",0,"-",NA,0,NA,0
"172","r02",1,2023-08-29,"ci276",6,NA,"s",0,"-",NA,0,NA,0
"173","r02",2,2023-08-30,"kc270",1,NA,"s",1,"-",NA,0,NA,0
"174","r02",2,2023-08-30,"ki270",1,NA,"s",1,"-",NA,0,NA,0
"175","r02",2,2023-08-30,"kc276",4,NA,"s",1,"-",NA,0,NA,0
"176","r02",2,2023-08-30,"ki276",0,NA,"s",1,"-",NA,0,NA,0
"177","r02",2,2023-08-30,"cc276",7,NA,"s",1,"-",NA,0,NA,0
"178","r02",2,2023-08-30,"ci276",3,NA,"s",1,"-",NA,0,NA,0
"179","r02",3,2023-08-31,"kc270",1,NA,"w",1,"2",NA,5,0,0
"180","r02",3,2023-08-31,"ki270",1,NA,"w",1,"1",NA,5,0,0
"181","r02",3,2023-08-31,"kc276",2,NA,"w",1,"2",NA,5,0,0
"182","r02",3,2023-08-31,"ki276",1,NA,"w",1,"2",NA,5,0,0
"183","r02",3,2023-08-31,"cc276",13,NA,"w",1,"2",NA,5,0,0
"184","r02",3,2023-08-31,"ci276",4,NA,"w",1,"1",NA,5,0,0
"185","r02",4,2023-09-01,"kc270",3,NA,"bs",0,"2",NA,0,NA,0
"186","r02",4,2023-09-01,"ki270",1,NA,"bs",0,"1",NA,0,NA,0
"187","r02",4,2023-09-01,"kc276",5,NA,"bs",0,"2",NA,0,NA,0
"188","r02",4,2023-09-01,"ki276",2,NA,"bs",0,"1",NA,0,NA,0
"189","r02",4,2023-09-01,"cc276",16,NA,"bs",0,"1",NA,0,NA,0
"190","r02",4,2023-09-01,"ci276",4,NA,"bs",0,"1",NA,0,NA,0
"191","r02",5,2023-09-02,"kc270",3,"a1","s",0,"-",NA,0,NA,0
"192","r02",5,2023-09-02,"ki270",2,"b1","s",0,"-",NA,0,NA,0
"193","r02",5,2023-09-02,"kc276",6,"c1","s",0,"-",NA,0,NA,0
"194","r02",5,2023-09-02,"ki276",5,"d1","s",0,"-",NA,0,NA,0
"195","r02",5,2023-09-02,"cc276",11,"e1","s",0,"-",NA,0,NA,0
"196","r02",5,2023-09-02,"ci276",3,"f1","s",0,"-",NA,0,NA,0
"197","r02",6,2023-09-03,"kc270",8,"a2","s",1,"-",NA,5,0,0
"198","r02",6,2023-09-03,"ki270",3,"b2","s",1,"-",NA,5,0,0
"199","r02",6,2023-09-03,"kc276",1,"c2","s",1,"-",NA,5,0,0
"200","r02",6,2023-09-03,"ki276",1,"d2","s",1,"-",NA,5,0,0
"201","r02",6,2023-09-03,"cc276",4,"e2","s",1,"-",NA,5,0,0
"202","r02",6,2023-09-03,"ci276",5,"f2","s",1,"-",NA,5,0,0
"203","r02",7,2023-09-04,"kc270",1,"a3","w",1,"2",NA,0,NA,0
"204","r02",7,2023-09-04,"ki270",0,"b3","w",1,"2",NA,0,NA,0
"205","r02",7,2023-09-04,"kc276",2,"c3","w",1,"2",NA,0,NA,0
"206","r02",7,2023-09-04,"ki276",0,"d3","w",1,"2",NA,0,NA,0
"207","r02",7,2023-09-04,"cc276",4,"e3","w",1,"1",NA,0,NA,0
"208","r02",7,2023-09-04,"ci276",2,"f3","w",1,"1",NA,0,NA,0
"209","r02",8,2023-09-05,"kc270",4,NA,"bs",0,"1",NA,0,NA,0
"210","r02",8,2023-09-05,"ki270",2,NA,"bs",0,"1",NA,0,NA,0
"211","r02",8,2023-09-05,"kc276",1,NA,"bs",0,"1",NA,0,NA,0
"212","r02",8,2023-09-05,"ki276",0,NA,"bs",0,"1",NA,0,NA,0
"213","r02",8,2023-09-05,"cc276",3,NA,"bs",0,"1",NA,0,NA,0
"214","r02",8,2023-09-05,"ci276",3,NA,"bs",0,"1",NA,0,NA,0
"215","r02",9,2023-09-06,"kc270",37,"a4","s",0,"-",NA,5,0,0
"216","r02",9,2023-09-06,"ki270",6,"b4","s",0,"-",NA,5,0,0
"217","r02",9,2023-09-06,"kc276",14,"c4","s",0,"-",NA,5,0,0
"218","r02",9,2023-09-06,"ki276",2,"d4","s",0,"-",NA,5,0,0
"219","r02",9,2023-09-06,"cc276",14,"e4","s",0,"-",NA,5,0,0
"220","r02",9,2023-09-06,"ci276",13,"f4","s",0,"-",NA,5,0,0
"221","r02",10,2023-09-07,"kc270",16,"a5","s",1,"-",NA,0,NA,0
"222","r02",10,2023-09-07,"ki270",6,"b5","s",1,"-",NA,0,NA,0
"223","r02",10,2023-09-07,"kc276",6,"c5","s",1,"-",NA,0,NA,0
"224","r02",10,2023-09-07,"ki276",2,"d5","s",1,"-",NA,0,NA,0
"225","r02",10,2023-09-07,"cc276",6,"e5","s",1,"-",NA,0,NA,0
"226","r02",10,2023-09-07,"ci276",6,"f5","s",1,"-",NA,0,NA,0
"227","r02",11,2023-09-08,"kc270",3,"a6","w",1,"1",NA,5,0,0
"228","r02",11,2023-09-08,"ki270",8,"b6","w",1,"1",NA,5,0,0
"229","r02",11,2023-09-08,"kc276",4,"c6","w",1,"1",NA,5,0,0
"230","r02",11,2023-09-08,"ki276",0,"d6","w",1,"2",NA,5,0,0
"231","r02",11,2023-09-08,"cc276",4,"e6","w",1,"1",NA,5,0,0
"232","r02",11,2023-09-08,"ci276",7,"f6","w",1,"1",NA,5,0,0
"233","r02",12,2023-09-09,"kc270",8,NA,"bs",0,"1",NA,0,NA,0
"234","r02",12,2023-09-09,"ki270",9,NA,"bs",0,"1",NA,0,NA,0
"235","r02",12,2023-09-09,"kc276",3,NA,"bs",0,"1",NA,0,NA,0
"236","r02",12,2023-09-09,"ki276",1,NA,"bs",0,"2",NA,0,NA,0
"237","r02",12,2023-09-09,"cc276",5,NA,"bs",0,"1",NA,0,NA,0
"238","r02",12,2023-09-09,"ci276",3,NA,"bs",0,"1",NA,0,NA,0
"239","r02",13,2023-09-10,"kc270",5,"a7","s",0,"-",NA,5,0,0
"240","r02",13,2023-09-10,"ki270",12,"b7","s",0,"-",NA,5,0,0
"241","r02",13,2023-09-10,"kc276",4,"c7","s",0,"-",NA,5,0,0
"242","r02",13,2023-09-10,"ki276",4,"d7","s",0,"-",NA,5,0,0
"243","r02",13,2023-09-10,"cc276",16,"e7","s",0,"-",NA,5,0,0
"244","r02",13,2023-09-10,"ci276",15,"f7","s",0,"-",NA,5,0,0
"245","r02",14,2023-09-11,"kc270",4,"a8","s",1,"-",NA,0,NA,0
"246","r02",14,2023-09-11,"ki270",10,"b8","s",1,"-",NA,0,NA,0
"247","r02",14,2023-09-11,"kc276",0,"c8","s",1,"-",NA,0,NA,0
"248","r02",14,2023-09-11,"ki276",1,"d8","s",1,"-",NA,0,NA,0
"249","r02",14,2023-09-11,"cc276",5,"e8","s",1,"-",NA,0,NA,0
"250","r02",14,2023-09-11,"ci276",1,"f8","s",1,"-",NA,0,NA,0
"251","r02",15,2023-09-12,"kc270",1,"a1","w",1,"1",NA,5,0,0
"252","r02",15,2023-09-12,"ki270",5,"b1","w",1,"1",NA,5,0,0
"253","r02",15,2023-09-12,"kc276",3,"c1","w",1,"2",NA,5,0,0
"254","r02",15,2023-09-12,"ki276",2,"d1","w",1,"2",NA,5,0,0
"255","r02",15,2023-09-12,"cc276",3,"e1","w",1,"1",NA,5,0,0
"256","r02",15,2023-09-12,"ci276",5,"f1","w",1,"1",NA,4,0,0
"257","r02",16,2023-09-13,"kc270",1,NA,"bs",0,"-",NA,0,NA,0
"258","r02",16,2023-09-13,"ki270",3,NA,"bs",0,"-",NA,0,NA,0
"259","r02",16,2023-09-13,"kc276",2,NA,"bs",0,"-",NA,0,NA,0
"260","r02",16,2023-09-13,"ki276",2,NA,"bs",0,"-",NA,0,NA,0
"261","r02",16,2023-09-13,"cc276",2,NA,"bs",0,"-",NA,0,NA,0
"262","r02",16,2023-09-13,"ci276",0,NA,"bs",0,"-",NA,0,NA,0
"263","r02",17,2023-09-14,"kc270",1,"a2","s",0,"-",NA,5,0,0
"264","r02",17,2023-09-14,"ki270",3,"b2","s",0,"-",NA,5,0,0
"265","r02",17,2023-09-14,"kc276",7,"c2","s",0,"-",NA,5,0,0
"266","r02",17,2023-09-14,"ki276",7,"d2","s",0,"-",NA,5,0,0
"267","r02",17,2023-09-14,"cc276",4,"e2","s",0,"-",NA,4,0,0
"268","r02",17,2023-09-14,"ci276",0,NA,"s",0,"-",NA,0,NA,0
"269","r02",18,2023-09-15,"kc270",0,"a3","s",1,"-",NA,0,NA,0
"270","r02",18,2023-09-15,"ki270",2,"b3","s",1,"-",NA,0,NA,0
"271","r02",18,2023-09-15,"kc276",0,"c3","s",1,"-",NA,0,NA,0
"272","r02",18,2023-09-15,"ki276",2,"d3","s",1,"-",NA,0,NA,0
"273","r02",18,2023-09-15,"cc276",0,NA,"s",1,"-",NA,0,NA,0
"274","r02",18,2023-09-15,"ci276",0,NA,"s",1,"-",NA,0,NA,0
"275","r02",19,2023-09-16,"kc270",1,"a4","w",1,"1",NA,10,0,0
"276","r02",19,2023-09-16,"ki270",3,"b4","w",1,"1",NA,13,0,0
"277","r02",19,2023-09-16,"kc276",2,"c4","w",1,"1",NA,38,0,0
"278","r02",19,2023-09-16,"ki276",4,"d4","w",1,"2",NA,52,0,0
"279","r02",19,2023-09-16,"cc276",0,NA,"w",1,"-",NA,0,NA,0
"280","r02",19,2023-09-16,"ci276",0,NA,"w",1,"-",NA,0,NA,0
"281","r03",0,2023-11-27,"kc270",0,NA,"is",0,"-",NA,0,NA,0
"282","r03",0,2023-11-27,"ki270",0,NA,"is",0,"-",NA,0,NA,0
"283","r03",0,2023-11-27,"cc270",0,NA,"is",0,"-",NA,0,NA,0
"284","r03",0,2023-11-27,"ci270",0,NA,"is",0,"-",NA,0,NA,0
"285","r03",0,2023-11-27,"kc276",0,NA,"is",0,"-",NA,0,NA,0
"286","r03",0,2023-11-27,"ki276",0,NA,"is",0,"-",NA,0,NA,0
"287","r03",0,2023-11-27,"cc276",0,NA,"is",0,"-",NA,0,NA,0
"288","r03",0,2023-11-27,"ci276",0,NA,"is",0,"-",NA,0,NA,0
"289","r03",0,2023-11-27,"cc276",0,NA,"is",0,"-",NA,0,NA,0
"290","r03",1,2023-11-28,"kc270",1,"1a1","s",0,"-",NA,0,NA,0
"291","r03",1,2023-11-28,"ki270",1,"1a2","s",0,"-",NA,0,NA,0
"292","r03",1,2023-11-28,"cc270",3,"1a3","s",0,"-",NA,0,NA,0
"293","r03",1,2023-11-28,"ci270",2,"1a4","s",0,"-",NA,0,NA,0
"294","r03",1,2023-11-28,"kc276",3,"1a5","s",0,"-",NA,0,NA,0
"295","r03",1,2023-11-28,"ki276",1,"1a6","s",0,"-",NA,0,NA,0
"296","r03",1,2023-11-28,"cc276",0,"1a7","s",0,"-",NA,0,NA,0
"297","r03",1,2023-11-28,"ci276",1,"1a8","s",0,"-",NA,0,NA,0
"298","r03",1,2023-11-28,"cc276",2,"1b1","s",0,"-",NA,0,NA,0
"299","r03",2,2023-11-29,"kc270",2,"1b2","s",1,"-",NA,0,NA,0
"300","r03",2,2023-11-29,"ki270",0,"1b3","s",1,"-",NA,0,NA,0
"301","r03",2,2023-11-29,"cc270",1,"1b4","s",1,"-",NA,0,NA,0
"302","r03",2,2023-11-29,"ci270",1,"1b5","s",1,"-",NA,0,NA,0
"303","r03",2,2023-11-29,"kc276",0,"1b6","s",1,"-",NA,0,NA,0
"304","r03",2,2023-11-29,"ki276",0,"1b7","s",1,"-",NA,0,NA,0
"305","r03",2,2023-11-29,"cc276",0,"1b8","s",1,"-",NA,0,NA,0
"306","r03",2,2023-11-29,"ci276",3,"1c1","s",1,"-",NA,0,NA,0
"307","r03",2,2023-11-29,"cc276",2,"1c2","s",1,"-",NA,0,NA,0
"308","r03",3,2023-11-30,"kc270",0,"1c3","s",1,"2",NA,6,0,0
"309","r03",3,2023-11-30,"ki270",0,"1c4","s",1,"2",NA,6,0,0
"310","r03",3,2023-11-30,"cc270",1,"1c5","s",1,"1",NA,6,0,0
"311","r03",3,2023-11-30,"ci270",3,"1c6","s",1,"2",NA,6,0,0
"312","r03",3,2023-11-30,"kc276",0,"1c7","s",1,"1",NA,6,0,0
"313","r03",3,2023-11-30,"ki276",0,"1c8","s",1,"1",NA,6,0,0
"314","r03",3,2023-11-30,"cc276",0,"1d1","s",1,"2",NA,6,0,0
"315","r03",3,2023-11-30,"ci276",2,"1d2","s",1,"1",NA,6,0,0
"316","r03",3,2023-11-30,"cc276",1,"1d3","s",1,"1",NA,6,0,0
"317","r03",4,2023-12-01,"kc270",0,"1d4","s",1,"1",NA,0,NA,0
"318","r03",4,2023-12-01,"ki270",0,"1d5","s",1,"1",NA,0,NA,0
"319","r03",4,2023-12-01,"cc270",1,"1d6","s",1,"2",NA,0,NA,0
"320","r03",4,2023-12-01,"ci270",1,"1d7","s",1,"2",NA,0,NA,0
"321","r03",4,2023-12-01,"kc276",0,"1d8","s",1,"1",NA,0,NA,0
"322","r03",4,2023-12-01,"ki276",0,"1e1","s",1,"1",NA,0,NA,0
"323","r03",4,2023-12-01,"cc276",2,"1e2","s",1,"2",NA,0,NA,0
"324","r03",4,2023-12-01,"ci276",0,"1e3","s",1,"2",NA,0,NA,0
"325","r03",4,2023-12-01,"cc276",1,"1e4","s",1,"1",NA,0,NA,0
"326","r03",5,2023-12-02,"kc270",1,"1e5","w",1,"1",NA,0,NA,0
"327","r03",5,2023-12-02,"ki270",0,"1e6","w",1,"1",NA,0,NA,0
"328","r03",5,2023-12-02,"cc270",2,"1e7","w",1,"1",NA,0,NA,0
"329","r03",5,2023-12-02,"ci270",0,"1e8","w",1,"1",NA,0,NA,0
"330","r03",5,2023-12-02,"kc276",0,"1f1","w",1,"1",NA,0,NA,0
"331","r03",5,2023-12-02,"ki276",0,"1f2","w",1,"1",NA,0,NA,0
"332","r03",5,2023-12-02,"cc276",0,"1f3","w",1,"1",NA,0,NA,0
"333","r03",5,2023-12-02,"ci276",0,"1f4","w",1,"1",NA,0,NA,0
"334","r03",5,2023-12-02,"cc276",3,"1f5","w",1,"1",NA,0,NA,0
"335","r03",6,2023-12-03,"kc270",2,"1f6","bs",0,"1",NA,6,0,0
"336","r03",6,2023-12-03,"ki270",2,"1f7","bs",0,"1",NA,6,0,0
"337","r03",6,2023-12-03,"cc270",1,"1f8","bs",0,"1",NA,6,0,0
"338","r03",6,2023-12-03,"ci270",2,"2a1","bs",0,"2",NA,6,0,0
"339","r03",6,2023-12-03,"kc276",2,"2a2","bs",0,"0",NA,6,0,0
"340","r03",6,2023-12-03,"ki276",0,"2a3","bs",0,"1",NA,6,0,0
"341","r03",6,2023-12-03,"cc276",1,"2a4","bs",0,"1",NA,6,0,0
"342","r03",6,2023-12-03,"ci276",1,"2a5","bs",0,"1",NA,6,0,0
"343","r03",6,2023-12-03,"cc276",1,"2a6","bs",0,"2",NA,6,0,0
"344","r03",7,2023-12-04,"kc270",8,"2a7","s",0,"-",NA,0,NA,0
"345","r03",7,2023-12-04,"ki270",3,"2a8","s",0,"-",NA,0,NA,0
"346","r03",7,2023-12-04,"cc270",1,"2b1","s",0,"-",NA,0,NA,0
"347","r03",7,2023-12-04,"ci270",2,"2b2","s",0,"-",NA,0,NA,0
"348","r03",7,2023-12-04,"kc276",0,"2b3","s",0,"-",NA,0,NA,0
"349","r03",7,2023-12-04,"ki276",1,"2b4","s",0,"-",NA,0,NA,0
"350","r03",7,2023-12-04,"cc276",4,"2b5","s",0,"-",NA,0,NA,0
"351","r03",7,2023-12-04,"ci276",0,"2b6","s",0,"-",NA,0,NA,0
"352","r03",7,2023-12-04,"cc276",2,"2b7","s",0,"-",NA,0,NA,0
"353","r03",8,2023-12-05,"kc270",4,"2b8","s",1,"-",NA,0,NA,0
"354","r03",8,2023-12-05,"ki270",1,"2c1","s",1,"-",NA,0,NA,0
"355","r03",8,2023-12-05,"cc270",0,"2c2","s",1,"-",NA,0,NA,0
"356","r03",8,2023-12-05,"ci270",3,"2c3","s",1,"-",NA,0,NA,0
"357","r03",8,2023-12-05,"kc276",2,"2c4","s",1,"-",NA,0,NA,0
"358","r03",8,2023-12-05,"ki276",1,"2c5","s",1,"-",NA,0,NA,0
"359","r03",8,2023-12-05,"cc276",1,"2c6","s",1,"-",NA,0,NA,0
"360","r03",8,2023-12-05,"ci276",1,"2c7","s",1,"-",NA,0,NA,0
"361","r03",8,2023-12-05,"cc276",1,"2c8","s",1,"-",NA,0,NA,0
"362","r03",9,2023-12-06,"kc270",2,"2d1","s",1,"2",NA,6,0,0
"363","r03",9,2023-12-06,"ki270",0,"2d2","s",1,"1",NA,6,0,0
"364","r03",9,2023-12-06,"cc270",1,"2d3","s",1,"1",NA,6,0,0
"365","r03",9,2023-12-06,"ci270",2,"2d4","s",1,"2",NA,6,0,0
"366","r03",9,2023-12-06,"kc276",0,"2d5","s",1,"1",NA,6,0,0
"367","r03",9,2023-12-06,"ki276",0,"2d6","s",1,"1",NA,6,0,0
"368","r03",9,2023-12-06,"cc276",1,"2d7","s",1,"2",NA,6,0,0
"369","r03",9,2023-12-06,"ci276",0,"2d8","s",1,"2",NA,6,0,0
"370","r03",9,2023-12-06,"cc276",0,"2e1","s",1,"1",NA,6,0,0
"371","r03",10,2023-12-07,"kc270",0,"2e2","w",1,"1",NA,0,NA,0
"372","r03",10,2023-12-07,"ki270",0,"2e3","w",1,"1",NA,0,NA,0
"373","r03",10,2023-12-07,"cc270",1,"2e4","w",1,"2",NA,0,NA,0
"374","r03",10,2023-12-07,"ci270",5,"2e5","w",1,"1",NA,0,NA,0
"375","r03",10,2023-12-07,"kc276",0,"2e6","w",1,"1",NA,0,NA,0
"376","r03",10,2023-12-07,"ki276",2,"2e7","w",1,"1",NA,0,NA,0
"377","r03",10,2023-12-07,"cc276",2,"2e8","w",1,"1",NA,0,NA,0
"378","r03",10,2023-12-07,"ci276",0,"2f1","w",1,"1",NA,0,NA,0
"379","r03",10,2023-12-07,"cc276",1,"2f2","w",1,"0",NA,0,NA,0
"380","r03",11,2023-12-08,"kc270",1,"2f3","bs",0,"1",NA,6,0,0
"381","r03",11,2023-12-08,"ki270",0,"2f4","bs",0,"2",NA,6,0,0
"382","r03",11,2023-12-08,"cc270",2,"2f5","bs",0,"1",NA,6,0,0
"383","r03",11,2023-12-08,"ci270",8,"2f6","bs",0,"2",NA,6,0,0
"384","r03",11,2023-12-08,"kc276",4,"2f7","bs",0,"2",NA,6,0,0
"385","r03",11,2023-12-08,"ki276",0,"2f8","bs",0,"1",NA,6,0,0
"386","r03",11,2023-12-08,"cc276",1,"3a1","bs",0,"1",NA,6,0,0
"387","r03",11,2023-12-08,"ci276",0,"3a2","bs",0,"1",NA,6,0,0
"388","r03",11,2023-12-08,"cc276",1,"3a3","bs",0,"1",NA,6,0,0
"389","r03",12,2023-12-09,"kc270",6,"3a4","s",1,"-",NA,0,NA,0
"390","r03",12,2023-12-09,"ki270",0,"3a5","s",1,"-",NA,0,NA,0
"391","r03",12,2023-12-09,"cc270",3,"3a6","s",1,"-",NA,0,NA,0
"392","r03",12,2023-12-09,"ci270",10,"3a7","s",1,"-",NA,0,NA,0
"393","r03",12,2023-12-09,"kc276",4,"3a8","s",1,"-",NA,0,NA,0
"394","r03",12,2023-12-09,"ki276",0,"3b1","s",1,"-",NA,0,NA,0
"395","r03",12,2023-12-09,"cc276",8,"3b2","s",1,"-",NA,0,NA,0
"396","r03",12,2023-12-09,"ci276",4,"3b3","s",1,"-",NA,0,NA,0
"397","r03",12,2023-12-09,"cc276",1,"3b4","s",1,"-",NA,0,NA,0
"398","r03",13,2023-12-10,"kc270",3,"3b5","w",1,"0",NA,6,0,0
"399","r03",13,2023-12-10,"ki270",0,"3b6","w",1,"1",NA,6,0,0
"400","r03",13,2023-12-10,"cc270",1,"3b7","w",1,"0",NA,6,0,0
"401","r03",13,2023-12-10,"ci270",3,"3b8","w",1,"0",NA,6,0,0
"402","r03",13,2023-12-10,"kc276",0,"3c1","w",1,"0",NA,6,0,0
"403","r03",13,2023-12-10,"ki276",0,"3c2","w",1,"1",NA,6,0,0
"404","r03",13,2023-12-10,"cc276",0,"3c3","w",1,"0",NA,6,0,0
"405","r03",13,2023-12-10,"ci276",1,"3c4","w",1,"0",NA,6,0,0
"406","r03",13,2023-12-10,"cc276",0,"3c5","w",1,"0",NA,6,0,0
"407","r03",14,2023-12-11,"kc270",1,"3c6","s",1,"1",NA,0,NA,0
"408","r03",14,2023-12-11,"ki270",0,"3c7","s",1,"1",NA,0,NA,0
"409","r03",14,2023-12-11,"cc270",1,"3c8","s",1,"2",NA,0,NA,0
"410","r03",14,2023-12-11,"ci270",0,"3d1","s",1,"1",NA,0,NA,0
"411","r03",14,2023-12-11,"kc276",0,"3d2","s",1,"2",NA,0,NA,0
"412","r03",14,2023-12-11,"ki276",0,"3d3","s",1,"1",NA,0,NA,0
"413","r03",14,2023-12-11,"cc276",1,"3d4","s",1,"1",NA,0,NA,0
"414","r03",14,2023-12-11,"ci276",3,"3d5","s",1,"1",NA,0,NA,0
"415","r03",14,2023-12-11,"cc276",1,"3d6","s",1,"1",NA,0,NA,0
"416","r03",15,2023-12-12,"kc270",1,"3d7","bs",0,"0",NA,6,0,0
"417","r03",15,2023-12-12,"ki270",1,"3d8","bs",0,"0",NA,6,0,0
"418","r03",15,2023-12-12,"cc270",2,"3e1","bs",0,"0",NA,6,0,0
"419","r03",15,2023-12-12,"ci270",1,"3e2","bs",0,"0",NA,6,0,0
"420","r03",15,2023-12-12,"kc276",4,"3e3","bs",0,"2",NA,6,0,0
"421","r03",15,2023-12-12,"ki276",0,"3e4","bs",0,"1",NA,6,0,0
"422","r03",15,2023-12-12,"cc276",2,"3e5","bs",0,"1",NA,6,0,0
"423","r03",15,2023-12-12,"ci276",1,"3e6","bs",0,"0",NA,6,0,0
"424","r03",15,2023-12-12,"cc276",2,"3e7","bs",0,"0",NA,6,0,0
"425","r03",16,2023-12-13,"kc270",0,"3e8","s",1,"-",NA,0,NA,0
"426","r03",16,2023-12-13,"ki270",0,"3f1","s",1,"-",NA,0,NA,0
"427","r03",16,2023-12-13,"cc270",1,"3f2","s",1,"-",NA,0,NA,0
"428","r03",16,2023-12-13,"ci270",2,"3f3","s",1,"-",NA,0,NA,0
"429","r03",16,2023-12-13,"kc276",6,"3f4","s",1,"-",NA,0,NA,0
"430","r03",16,2023-12-13,"ki276",0,"3f5","s",1,"-",NA,0,NA,0
"431","r03",16,2023-12-13,"cc276",1,"3f6","s",1,"-",NA,0,NA,0
"432","r03",16,2023-12-13,"ci276",1,"3f7","s",1,"-",NA,0,NA,0
"433","r03",16,2023-12-13,"cc276",1,"3f8","s",1,"-",NA,0,NA,0
"434","r03",17,2023-12-14,"kc270",0,"4a1","s",1,"0",NA,1,0,0
"435","r03",17,2023-12-14,"ki270",0,"4a2","s",1,"0",NA,1,0,0
"436","r03",17,2023-12-14,"cc270",1,"4a3","s",1,"0",NA,6,0,0
"437","r03",17,2023-12-14,"ci270",2,"4a4","s",1,"0",NA,6,0,0
"438","r03",17,2023-12-14,"kc276",0,"4a5","s",1,"1",NA,6,0,0
"439","r03",17,2023-12-14,"ki276",0,"4a6","s",1,"0",NA,2,0,0
"440","r03",17,2023-12-14,"cc276",4,"4a7","s",1,"0",NA,6,0,0
"441","r03",17,2023-12-14,"ci276",6,"4a8","s",1,"0",NA,6,0,0
"442","r03",17,2023-12-14,"cc276",1,"4b1","s",1,"0",NA,6,0,0
"443","r03",18,2023-12-15,"kc270",0,NA,"w",1,"-",NA,0,NA,0
"444","r03",18,2023-12-15,"ki270",0,NA,"w",1,"-",NA,0,NA,0
"445","r03",18,2023-12-15,"cc270",0,"4b2","w",1,"1",NA,0,NA,0
"446","r03",18,2023-12-15,"ci270",2,"4b3","w",1,"1",NA,0,NA,0
"447","r03",18,2023-12-15,"kc276",1,"4b4","w",1,"2",NA,0,NA,0
"448","r03",18,2023-12-15,"ki276",0,NA,"w",1,"-",NA,0,NA,0
"449","r03",18,2023-12-15,"cc276",3,"4b5","w",1,"0",NA,0,NA,0
"450","r03",18,2023-12-15,"ci276",0,"4b6","w",1,"1",NA,0,NA,0
"451","r03",18,2023-12-15,"cc276",0,"4b7","w",1,"1",NA,0,NA,0
"452","r03",19,2023-12-16,"kc270",0,NA,"bs",0,"-",NA,0,NA,0
"453","r03",19,2023-12-16,"ki270",0,NA,"bs",0,"-",NA,0,NA,0
"454","r03",19,2023-12-16,"cc270",0,"4b8","bs",0,"1",NA,6,0,0
"455","r03",19,2023-12-16,"ci270",1,"4c1","bs",0,"1",NA,6,0,0
"456","r03",19,2023-12-16,"kc276",1,"4c2","bs",0,"1",NA,6,0,0
"457","r03",19,2023-12-16,"ki276",0,NA,"bs",0,"-",NA,0,NA,0
"458","r03",19,2023-12-16,"cc276",1,"4c3","bs",0,"0",NA,6,0,0
"459","r03",19,2023-12-16,"ci276",2,"4c4","bs",0,"1",NA,6,0,0
"460","r03",19,2023-12-16,"cc276",1,"4c5","bs",0,"1",NA,6,0,0
"461","r03",20,2023-12-17,"kc270",0,NA,"s",0,"-",NA,0,NA,0
"462","r03",20,2023-12-17,"ki270",0,NA,"s",0,"-",NA,0,NA,0
"463","r03",20,2023-12-17,"cc270",0,NA,"s",0,"-",NA,0,NA,0
"464","r03",20,2023-12-17,"ci270",0,NA,"s",0,"-",NA,0,NA,0
"465","r03",20,2023-12-17,"kc276",1,"4c6","s",0,"-",NA,0,NA,0
"466","r03",20,2023-12-17,"ki276",0,NA,"s",0,"-",NA,0,NA,0
"467","r03",20,2023-12-17,"cc276",0,NA,"s",0,"-",NA,0,NA,0
"468","r03",20,2023-12-17,"ci276",0,"4c7","s",0,"-",NA,0,NA,0
"469","r03",20,2023-12-17,"cc276",1,"4c8","s",0,"-",NA,0,NA,0
"470","r03",21,2023-12-18,"kc270",0,NA,"s",0,"-",NA,0,NA,0
"471","r03",21,2023-12-18,"ki270",0,NA,"s",0,"-",NA,0,NA,0
"472","r03",21,2023-12-18,"cc270",0,NA,"s",0,"-",NA,0,NA,0
"473","r03",21,2023-12-18,"ci270",0,NA,"s",0,"-",NA,0,NA,0
"474","r03",21,2023-12-18,"kc276",0,"4d1","s",0,"-",NA,6,0,0
"475","r03",21,2023-12-18,"ki276",0,NA,"s",0,"-",NA,0,NA,0
"476","r03",21,2023-12-18,"cc276",0,NA,"s",0,"-",NA,0,NA,0
"477","r03",21,2023-12-18,"ci276",0,"4d2","s",0,"-",NA,3,0,0
"478","r03",21,2023-12-18,"cc276",0,NA,"s",0,"-",NA,0,NA,0
"479","r04",0,2024-03-15,"cc270",0,NA,"is",0,"-",NA,0,NA,0
"480","r04",0,2024-03-15,"ci270",0,NA,"is",0,"-",NA,0,NA,0
"481","r04",0,2024-03-15,"ki270",0,NA,"is",0,"-",NA,0,NA,0
"482","r04",0,2024-03-15,"cc276",0,NA,"is",0,"-",NA,0,NA,0
"483","r04",0,2024-03-15,"ci276",0,NA,"is",0,"-",NA,0,NA,0
"484","r04",0,2024-03-15,"ki276",0,NA,"is",0,"-",NA,0,NA,0
"485","r04",1,2024-03-16,"cc270",0,NA,"s",0,"-",NA,0,NA,0
"486","r04",1,2024-03-16,"ci270",6,NA,"s",0,"-",NA,0,NA,0
"487","r04",1,2024-03-16,"ki270",1,NA,"s",0,"-",NA,0,NA,0
"488","r04",1,2024-03-16,"cc276",2,NA,"s",0,"-",NA,0,NA,0
"489","r04",1,2024-03-16,"ci276",0,NA,"s",0,"-",NA,0,NA,0
"490","r04",1,2024-03-16,"ki276",0,NA,"s",0,"-",NA,0,NA,0
"491","r04",2,2024-03-17,"cc270",0,NA,"s",1,"-",NA,0,NA,0
"492","r04",2,2024-03-17,"ci270",1,NA,"s",1,"-",NA,0,NA,0
"493","r04",2,2024-03-17,"ki270",0,NA,"s",1,"-",NA,0,NA,0
"494","r04",2,2024-03-17,"cc276",3,NA,"s",1,"-",NA,0,NA,0
"495","r04",2,2024-03-17,"ci276",2,NA,"s",1,"-",NA,0,NA,0
"496","r04",2,2024-03-17,"ki276",0,NA,"s",1,"-",NA,0,NA,0
"497","r04",3,2024-03-18,"cc270",0,NA,"s",1,"2",NA,6,NA,0
"498","r04",3,2024-03-18,"ci270",0,NA,"s",1,"2",NA,6,NA,0
"499","r04",3,2024-03-18,"ki270",0,NA,"s",1,"2",NA,0,NA,0
"500","r04",3,2024-03-18,"cc276",1,NA,"s",1,"2",NA,6,NA,0
"501","r04",3,2024-03-18,"ci276",3,NA,"s",1,"2",NA,6,NA,0
"502","r04",3,2024-03-18,"ki276",0,NA,"s",1,"2",NA,0,NA,0
"503","r04",4,2024-03-19,"cc270",0,NA,"w",1,"1",NA,0,NA,0
"504","r04",4,2024-03-19,"ci270",1,NA,"w",1,"1",NA,0,NA,0
"505","r04",4,2024-03-19,"ki270",1,NA,"w",1,"1",NA,0,NA,0
"506","r04",4,2024-03-19,"cc276",2,NA,"w",1,"2",NA,0,NA,0
"507","r04",4,2024-03-19,"ci276",4,NA,"w",1,"2",NA,0,NA,0
"508","r04",4,2024-03-19,"ki276",0,NA,"w",1,"2",NA,0,NA,0
"509","r04",5,2024-03-20,"cc270",3,NA,"s",1,"1",NA,0,NA,0
"510","r04",5,2024-03-20,"ci270",1,NA,"s",1,"1",NA,0,NA,0
"511","r04",5,2024-03-20,"ki270",0,NA,"s",1,"1",NA,0,NA,0
"512","r04",5,2024-03-20,"cc276",0,NA,"s",1,"2",NA,0,NA,0
"513","r04",5,2024-03-20,"ci276",3,NA,"s",1,"2",NA,0,NA,0
"514","r04",5,2024-03-20,"ki276",0,NA,"s",1,"1",NA,0,NA,0
"515","r04",6,2024-03-21,"cc270",5,NA,"s",0,"0",NA,6,NA,0
"516","r04",6,2024-03-21,"ci270",4,NA,"s",0,"0",NA,6,1,12
"517","r04",6,2024-03-21,"ki270",0,NA,"s",0,"0",NA,4,1,8
"518","r04",6,2024-03-21,"cc276",3,NA,"s",0,"0",NA,6,NA,0
"519","r04",6,2024-03-21,"ci276",7,NA,"s",0,"0",NA,6,1,12
"520","r04",6,2024-03-21,"ki276",0,NA,"s",0,"0",NA,4,1,8
"521","r04",7,2024-03-22,"cc270",2,NA,"s",0,"-",NA,0,NA,0
"522","r04",7,2024-03-22,"ci270",4,NA,"s",0,"-",NA,6,1,12
"523","r04",7,2024-03-22,"ki270",0,NA,"s",0,"-",NA,4,1,8
"524","r04",7,2024-03-22,"cc276",3,NA,"s",0,"-",NA,0,NA,0
"525","r04",7,2024-03-22,"ci276",5,NA,"s",0,"-",NA,6,1,12
"526","r04",7,2024-03-22,"ki276",0,NA,"s",0,"-",NA,4,1,8
"527","r04",8,2024-03-23,"cc270",4,NA,"s",0,"-",NA,0,NA,0
"528","r04",8,2024-03-23,"ci270",3,NA,"s",0,"-",NA,6,1,12
"529","r04",8,2024-03-23,"ki270",0,NA,"s",0,"-",NA,4,1,8
"530","r04",8,2024-03-23,"cc276",4,NA,"s",0,"-",NA,0,NA,0
"531","r04",8,2024-03-23,"ci276",4,NA,"s",0,"-",NA,6,1,12
"532","r04",8,2024-03-23,"ki276",1,NA,"s",0,"-",NA,4,1,8
"533","r04",9,2024-03-24,"cc270",1,NA,"s",0,"-",NA,6,NA,0
"534","r04",9,2024-03-24,"ci270",3,NA,"s",0,"-",NA,6,1,12
"535","r04",9,2024-03-24,"ki270",0,NA,"s",0,"-",NA,4,1,8
"536","r04",9,2024-03-24,"cc276",0,NA,"s",0,"-",NA,6,NA,0
"537","r04",9,2024-03-24,"ci276",4,NA,"s",0,"-",NA,6,1,12
"538","r04",9,2024-03-24,"ki276",0,NA,"s",0,"-",NA,4,1,8
"539","r04",10,2024-03-25,"cc270",1,NA,"s",0,"-",NA,0,NA,0
"540","r04",10,2024-03-25,"ci270",1,NA,"s",0,"-",NA,6,1,12
"541","r04",10,2024-03-25,"ki270",0,NA,"s",0,"-",NA,4,1,8
"542","r04",10,2024-03-25,"cc276",1,NA,"s",0,"-",NA,0,NA,0
"543","r04",10,2024-03-25,"ci276",4,NA,"s",0,"-",NA,6,1,12
"544","r04",10,2024-03-25,"ki276",0,NA,"s",0,"-",NA,4,1,8
"545","r04",11,2024-03-26,"cc270",1,NA,"s",0,"-",NA,6,NA,0
"546","r04",11,2024-03-26,"ci270",1,NA,"s",0,"-",NA,6,NA,0
"547","r04",11,2024-03-26,"ki270",0,NA,"s",0,"-",NA,4,1,8
"548","r04",11,2024-03-26,"cc276",3,NA,"s",0,"-",NA,6,NA,0
"549","r04",11,2024-03-26,"ci276",1,NA,"s",0,"-",NA,6,1,12
"550","r04",11,2024-03-26,"ki276",0,NA,"s",0,"-",NA,4,1,8
"551","r04",12,2024-03-27,"cc270",1,NA,"s",1,"-",NA,0,NA,0
"552","r04",12,2024-03-27,"ci270",1,NA,"s",1,"-",NA,0,NA,0
"553","r04",12,2024-03-27,"ki270",0,NA,"s",1,"-",NA,0,NA,0
"554","r04",12,2024-03-27,"cc276",1,NA,"s",1,"-",NA,0,NA,0
"555","r04",12,2024-03-27,"ci276",1,NA,"s",1,"-",NA,0,NA,0
"556","r04",12,2024-03-27,"ki276",0,NA,"s",1,"-",NA,6,1,12
"557","r04",13,2024-03-28,"cc270",2,NA,"s",1,"0",NA,6,NA,0
"558","r04",13,2024-03-28,"ci270",0,NA,"s",1,"0",NA,6,NA,0
"559","r04",13,2024-03-28,"ki270",0,NA,"s",1,"0",NA,4,NA,0
"560","r04",13,2024-03-28,"cc276",1,NA,"s",1,"0",NA,6,NA,0
"561","r04",13,2024-03-28,"ci276",1,NA,"s",1,"0",NA,6,NA,0
"562","r04",13,2024-03-28,"ki276",1,NA,"s",1,"0",NA,4,1,8
"563","r04",14,2024-03-29,"cc270",3,NA,"s",0,"0",NA,0,NA,0
"564","r04",14,2024-03-29,"ci270",1,NA,"s",0,"0",NA,0,NA,0
"565","r04",14,2024-03-29,"ki270",0,NA,"s",0,"0",NA,0,NA,0
"566","r04",14,2024-03-29,"cc276",4,NA,"s",0,"0",NA,0,NA,0
"567","r04",14,2024-03-29,"ci276",1,NA,"s",0,"0",NA,0,NA,0
"568","r04",14,2024-03-29,"ki276",0,NA,"s",0,"0",NA,0,NA,0
"569","r04",15,2024-03-30,"cc270",3,NA,"s",0,"-",NA,6,NA,0
"570","r04",15,2024-03-30,"ci270",1,NA,"s",0,"-",NA,6,NA,0
"571","r04",15,2024-03-30,"ki270",1,NA,"s",0,"-",NA,4,NA,0
"572","r04",15,2024-03-30,"cc276",6,NA,"s",0,"-",NA,6,NA,0
"573","r04",15,2024-03-30,"ci276",2,NA,"s",0,"-",NA,6,NA,0
"574","r04",15,2024-03-30,"ki276",1,NA,"s",0,"-",NA,4,NA,0
"575","r04",16,2024-03-31,"cc270",8,NA,"s",0,"-",NA,0,NA,0
"576","r04",16,2024-03-31,"ci270",4,NA,"s",0,"-",NA,0,NA,0
"577","r04",16,2024-03-31,"ki270",0,NA,"s",0,"-",NA,0,NA,0
"578","r04",16,2024-03-31,"cc276",1,NA,"s",0,"-",NA,0,NA,0
"579","r04",16,2024-03-31,"ci276",4,NA,"s",0,"-",NA,0,NA,0
"580","r04",16,2024-03-31,"ki276",0,NA,"s",0,"-",NA,0,NA,0
"581","r04",17,2024-04-01,"cc270",10,NA,"bs",0,"-",NA,6,NA,0
"582","r04",17,2024-04-01,"ci270",7,NA,"bs",0,"-",NA,6,NA,0
"583","r04",17,2024-04-01,"ki270",0,NA,"bs",0,"-",NA,4,NA,0
"584","r04",17,2024-04-01,"cc276",12,NA,"bs",0,"-",NA,6,NA,0
"585","r04",17,2024-04-01,"ci276",0,NA,"bs",0,"-",NA,6,NA,0
"586","r04",17,2024-04-01,"ki276",0,NA,"bs",0,"-",NA,4,NA,0
"587","r04",18,2024-04-02,"cc270",5,NA,"s",0,"-",NA,0,NA,0
"588","r04",18,2024-04-02,"ci270",3,NA,"s",0,"-",NA,0,NA,0
"589","r04",18,2024-04-02,"ki270",1,NA,"s",0,"-",NA,0,NA,0
"590","r04",18,2024-04-02,"cc276",11,NA,"s",0,"-",NA,0,NA,0
"591","r04",18,2024-04-02,"ci276",3,NA,"s",0,"-",NA,0,NA,0
"592","r04",18,2024-04-02,"ki276",0,NA,"s",0,"-",NA,0,NA,0
"593","r04",19,2024-04-03,"cc270",4,NA,"s",1,"-",NA,6,NA,0
"594","r04",19,2024-04-03,"ci270",7,NA,"s",1,"-",NA,6,NA,0
"595","r04",19,2024-04-03,"ki270",0,NA,"s",1,"-",NA,4,NA,0
"596","r04",19,2024-04-03,"cc276",14,NA,"s",1,"-",NA,6,NA,0
"597","r04",19,2024-04-03,"ci276",3,NA,"s",1,"-",NA,6,NA,0
"598","r04",19,2024-04-03,"ki276",0,NA,"s",1,"-",NA,4,NA,0
"599","r04",20,2024-04-04,"cc270",0,NA,"w",1,"1",NA,0,NA,0
"600","r04",20,2024-04-04,"ci270",4,NA,"w",1,"1",NA,0,NA,0
"601","r04",20,2024-04-04,"ki270",0,NA,"w",1,"0",NA,0,NA,0
"602","r04",20,2024-04-04,"cc276",2,NA,"w",1,"1",NA,0,NA,0
"603","r04",20,2024-04-04,"ci276",1,NA,"w",1,"0",NA,0,NA,0
"604","r04",20,2024-04-04,"ki276",0,NA,"w",1,"1",NA,0,NA,0
"605","r04",21,2024-04-05,"cc270",1,NA,"bs",0,"0",NA,1,NA,0
"606","r04",21,2024-04-05,"ci270",0,NA,"bs",0,"1",NA,6,NA,0
"607","r04",21,2024-04-05,"ki270",0,NA,"bs",0,"0",NA,2,NA,0
"608","r04",21,2024-04-05,"cc276",5,NA,"bs",0,"1",NA,6,NA,0
"609","r04",21,2024-04-05,"ci276",1,NA,"bs",0,"0",NA,6,NA,0
"610","r04",21,2024-04-05,"ki276",1,NA,"bs",0,"1",NA,2,NA,0
"611","r04",22,2024-04-06,"cc270",0,NA,"s",0,"-",NA,0,NA,0
"612","r04",22,2024-04-06,"ci270",3,NA,"s",0,"-",NA,0,NA,0
"613","r04",22,2024-04-06,"ki270",0,NA,"s",0,"-",NA,0,NA,0
"614","r04",22,2024-04-06,"cc276",9,NA,"s",0,"-",NA,0,NA,0
"615","r04",22,2024-04-06,"ci276",4,NA,"s",0,"-",NA,0,NA,0
"616","r04",22,2024-04-06,"ki276",0,NA,"s",0,"-",NA,0,NA,0
"617","r04",23,2024-04-07,"cc270",0,NA,"s",0,"-",NA,0,NA,0
"618","r04",23,2024-04-07,"ci270",1,NA,"s",0,"-",NA,5,NA,0
"619","r04",23,2024-04-07,"ki270",0,NA,"s",0,"-",NA,0,NA,0
"620","r04",23,2024-04-07,"cc276",2,NA,"s",0,"-",NA,11,NA,0
"621","r04",23,2024-04-07,"ci276",0,NA,"s",0,"-",NA,3,NA,0
"622","r04",23,2024-04-07,"ki276",0,NA,"s",0,"-",NA,0,NA,0
"623","r05",0,2024-05-23,"kc210",0,NA,"is",0,"-",0,0,NA,0
"624","r05",0,2024-05-23,"ki210",0,NA,"is",0,"-",0,0,NA,0
"625","r05",0,2024-05-23,"kc216",0,NA,"is",0,"-",0,0,NA,0
"626","r05",0,2024-05-23,"ki216",0,NA,"is",0,"-",0,0,NA,0
"627","r05",0,2024-05-23,"cc216",0,NA,"is",0,"-",0,0,NA,0
"628","r05",0,2024-05-23,"ci216",0,NA,"is",0,"-",0,0,NA,0
"629","r05",1,2024-05-24,"kc210",0,NA,"s",1,"-",0,0,NA,0
"630","r05",1,2024-05-24,"ki210",1,NA,"s",1,"-",0,0,NA,0
"631","r05",1,2024-05-24,"kc216",1,NA,"s",1,"-",0,0,NA,0
"632","r05",1,2024-05-24,"ki216",1,NA,"s",1,"-",0,0,NA,0
"633","r05",1,2024-05-24,"cc216",0,NA,"s",1,"-",0,0,NA,0
"634","r05",1,2024-05-24,"ci216",1,NA,"s",1,"-",0,0,NA,0
"635","r05",2,2024-05-25,"kc210",0,NA,"s",1,"1",0,0,NA,0
"636","r05",2,2024-05-25,"ki210",2,NA,"s",1,"1",0,0,NA,0
"637","r05",2,2024-05-25,"kc216",2,NA,"s",1,"1",0,0,NA,0
"638","r05",2,2024-05-25,"ki216",2,NA,"s",1,"1",0,0,NA,0
"639","r05",2,2024-05-25,"cc216",1,NA,"s",1,"1",0,0,NA,0
"640","r05",2,2024-05-25,"ci216",3,NA,"s",1,"1",0,0,NA,0
"641","r05",3,2024-05-26,"kc210",0,NA,"s",1,"0",1,6,NA,0
"642","r05",3,2024-05-26,"ki210",1,NA,"s",1,"0",1,6,NA,0
"643","r05",3,2024-05-26,"kc216",2,NA,"s",1,"0",1,6,NA,0
"644","r05",3,2024-05-26,"ki216",1,NA,"s",1,"0",1,6,NA,0
"645","r05",3,2024-05-26,"cc216",0,NA,"s",1,"0",1,7,NA,0
"646","r05",3,2024-05-26,"ci216",3,NA,"s",1,"0",1,6,NA,0
"647","r05",4,2024-05-27,"kc210",0,NA,"s",1,"1",1,0,NA,0
"648","r05",4,2024-05-27,"ki210",0,NA,"s",1,"1",1,0,NA,0
"649","r05",4,2024-05-27,"kc216",0,NA,"s",1,"1",1,0,NA,0
"650","r05",4,2024-05-27,"ki216",0,NA,"s",1,"1",1,0,NA,0
"651","r05",4,2024-05-27,"cc216",0,NA,"s",1,"1",1,0,NA,0
"652","r05",4,2024-05-27,"ci216",0,NA,"s",1,"1",1,0,NA,0
"653","r05",5,2024-05-28,"kc210",0,NA,"w",1,"1",1,0,NA,0
"654","r05",5,2024-05-28,"ki210",0,NA,"w",1,"1",1,0,NA,0
"655","r05",5,2024-05-28,"kc216",0,NA,"w",1,"1",1,0,NA,0
"656","r05",5,2024-05-28,"ki216",0,NA,"w",1,"1",1,0,NA,0
"657","r05",5,2024-05-28,"cc216",1,NA,"w",1,"1",1,0,NA,0
"658","r05",5,2024-05-28,"ci216",0,NA,"w",1,"1",1,0,NA,0
"659","r05",6,2024-05-29,"kc210",0,NA,"bs",1,"1",1,6,NA,0
"660","r05",6,2024-05-29,"ki210",0,NA,"bs",1,"1",1,2,1,4
"661","r05",6,2024-05-29,"kc216",0,NA,"bs",1,"1",1,6,NA,0
"662","r05",6,2024-05-29,"ki216",0,NA,"bs",1,"1",1,2,1,4
"663","r05",6,2024-05-29,"cc216",1,NA,"bs",1,"1",1,6,NA,0
"664","r05",6,2024-05-29,"ci216",0,NA,"bs",1,"1",1,2,1,4
"665","r05",7,2024-05-30,"kc210",0,NA,"s",1,"1",1,0,NA,0
"666","r05",7,2024-05-30,"ki210",1,NA,"s",1,"1",1,2,1,4
"667","r05",7,2024-05-30,"kc216",0,NA,"s",1,"1",1,0,NA,0
"668","r05",7,2024-05-30,"ki216",0,NA,"s",1,"1",1,2,1,4
"669","r05",7,2024-05-30,"cc216",8,NA,"s",1,"1",1,0,NA,0
"670","r05",7,2024-05-30,"ci216",7,NA,"s",1,"1",1,2,1,4
"671","r05",8,2024-05-31,"kc210",0,NA,"s",1,"1",1,0,NA,0
"672","r05",8,2024-05-31,"ki210",3,NA,"s",1,"1",1,2,1,4
"673","r05",8,2024-05-31,"kc216",0,NA,"s",1,"1",1,0,NA,0
"674","r05",8,2024-05-31,"ki216",2,NA,"s",1,"1",1,2,1,4
"675","r05",8,2024-05-31,"cc216",5,NA,"s",1,"0",1,0,NA,0
"676","r05",8,2024-05-31,"ci216",12,NA,"s",1,"1",1,2,1,4
"677","r05",9,2024-06-01,"kc210",0,NA,"w",1,"1",1,6,NA,0
"678","r05",9,2024-06-01,"ki210",1,NA,"w",1,"1",1,2,1,4
"679","r05",9,2024-06-01,"kc216",0,NA,"w",1,"1",1,6,NA,0
"680","r05",9,2024-06-01,"ki216",3,NA,"w",1,"0",1,2,1,4
"681","r05",9,2024-06-01,"cc216",3,NA,"w",1,"1",1,6,NA,0
"682","r05",9,2024-06-01,"ci216",16,NA,"w",1,"0",1,2,1,4
"683","r05",10,2024-06-02,"kc210",1,NA,"bs",1,"1",1,0,NA,0
"684","r05",10,2024-06-02,"ki210",3,NA,"bs",1,"1",1,2,1,4
"685","r05",10,2024-06-02,"kc216",0,NA,"bs",1,"1",1,0,NA,0
"686","r05",10,2024-06-02,"ki216",1,NA,"bs",1,"1",1,2,1,4
"687","r05",10,2024-06-02,"cc216",6,NA,"bs",1,"1",1,0,NA,0
"688","r05",10,2024-06-02,"ci216",25,NA,"bs",1,"1",1,2,1,4
"689","r05",11,2024-06-03,"kc210",2,NA,"s",1,"1",1,6,NA,0
"690","r05",11,2024-06-03,"ki210",1,NA,"s",1,"1",1,4,1,8
"691","r05",11,2024-06-03,"kc216",5,NA,"s",1,"1",1,6,NA,0
"692","r05",11,2024-06-03,"ki216",5,NA,"s",1,"1",1,4,1,8
"693","r05",11,2024-06-03,"cc216",16,NA,"s",1,"1",1,6,NA,0
"694","r05",11,2024-06-03,"ci216",31,NA,"s",1,"1",1,4,1,8
"695","r05",12,2024-06-04,"kc210",0,NA,"s",1,"1",1,0,NA,0
"696","r05",12,2024-06-04,"ki210",0,NA,"s",1,"0",1,4,1,8
"697","r05",12,2024-06-04,"kc216",2,NA,"s",1,"0",1,0,NA,0
"698","r05",12,2024-06-04,"ki216",5,NA,"s",1,"1",1,4,1,8
"699","r05",12,2024-06-04,"cc216",8,NA,"s",1,"1",1,0,NA,0
"700","r05",12,2024-06-04,"ci216",8,NA,"s",1,"0",1,4,1,8
"701","r05",13,2024-06-05,"kc210",0,NA,"w",1,"1",1,6,NA,0
"702","r05",13,2024-06-05,"ki210",1,NA,"w",1,"1",1,4,1,8
"703","r05",13,2024-06-05,"kc216",1,NA,"w",1,"0",1,6,NA,0
"704","r05",13,2024-06-05,"ki216",1,NA,"w",1,"1",1,4,1,8
"705","r05",13,2024-06-05,"cc216",1,NA,"w",1,"1",1,6,NA,0
"706","r05",13,2024-06-05,"ci216",4,NA,"w",1,"0",1,4,1,8
"707","r05",14,2024-06-06,"kc210",1,NA,"bs",1,"1",1,0,NA,0
"708","r05",14,2024-06-06,"ki210",0,NA,"bs",1,"1",1,4,1,8
"709","r05",14,2024-06-06,"kc216",2,NA,"bs",1,"1",1,0,NA,0
"710","r05",14,2024-06-06,"ki216",0,NA,"bs",1,"1",1,4,1,8
"711","r05",14,2024-06-06,"cc216",4,NA,"bs",1,"1",1,0,NA,0
"712","r05",14,2024-06-06,"ci216",2,NA,"bs",1,"0",1,4,1,8
"713","r05",15,2024-06-07,"kc210",3,NA,"s",1,"1",1,6,NA,0
"714","r05",15,2024-06-07,"ki210",2,NA,"s",1,"1",1,4,1,8
"715","r05",15,2024-06-07,"kc216",0,NA,"s",1,"1",1,6,NA,0
"716","r05",15,2024-06-07,"ki216",1,NA,"s",1,"0",1,4,1,8
"717","r05",15,2024-06-07,"cc216",3,NA,"s",1,"0",1,6,NA,0
"718","r05",15,2024-06-07,"ci216",0,NA,"s",1,"0",1,4,1,8
"719","r05",16,2024-06-08,"kc210",0,NA,"s",1,"1",1,0,NA,0
"720","r05",16,2024-06-08,"ki210",3,NA,"s",1,"1",1,4,1,8
"721","r05",16,2024-06-08,"kc216",1,NA,"s",1,"1",1,0,NA,0
"722","r05",16,2024-06-08,"ki216",1,NA,"s",1,"1",1,4,1,8
"723","r05",16,2024-06-08,"cc216",6,NA,"s",1,"0",1,0,NA,0
"724","r05",16,2024-06-08,"ci216",0,NA,"s",1,"0",1,4,1,8
"725","r05",17,2024-06-09,"kc210",1,NA,"w",1,"1",1,6,NA,0
"726","r05",17,2024-06-09,"ki210",2,NA,"w",1,"1",1,4,1,8
"727","r05",17,2024-06-09,"kc216",3,NA,"w",1,"1",1,6,NA,0
"728","r05",17,2024-06-09,"ki216",1,NA,"w",1,"1",1,4,1,8
"729","r05",17,2024-06-09,"cc216",5,NA,"w",1,"1",1,6,NA,0
"730","r05",17,2024-06-09,"ci216",0,NA,"w",1,"0",1,4,1,8
"731","r05",18,2024-06-10,"kc210",0,NA,"bs",1,"1",1,0,NA,0
"732","r05",18,2024-06-10,"ki210",0,NA,"bs",1,"1",1,0,NA,0
"733","r05",18,2024-06-10,"kc216",1,NA,"bs",1,"1",1,0,NA,0
"734","r05",18,2024-06-10,"ki216",2,NA,"bs",1,"1",1,0,NA,0
"735","r05",18,2024-06-10,"cc216",1,NA,"bs",1,"1",1,0,NA,0
"736","r05",18,2024-06-10,"ci216",0,NA,"bs",1,"-",0,0,NA,0
"737","r05",19,2024-06-11,"kc210",1,NA,"s",1,"1",1,6,NA,0
"738","r05",19,2024-06-11,"ki210",1,NA,"s",1,"1",1,6,NA,0
"739","r05",19,2024-06-11,"kc216",2,NA,"s",1,"1",1,6,NA,0
"740","r05",19,2024-06-11,"ki216",5,NA,"s",1,"1",1,6,NA,0
"741","r05",19,2024-06-11,"cc216",1,NA,"s",1,"1",1,6,NA,0
"742","r05",19,2024-06-11,"ci216",0,NA,"s",1,"-",0,0,NA,0
"743","r05",20,2024-06-12,"kc210",1,NA,"w",1,"0",1,0,NA,0
"744","r05",20,2024-06-12,"ki210",1,NA,"w",1,"1",1,0,NA,0
"745","r05",20,2024-06-12,"kc216",0,NA,"w",1,"1",1,0,NA,0
"746","r05",20,2024-06-12,"ki216",4,NA,"w",1,"0",1,0,NA,0
"747","r05",20,2024-06-12,"cc216",2,NA,"w",1,"0",1,0,NA,0
"748","r05",20,2024-06-12,"ci216",0,NA,"w",1,"-",0,0,NA,0
"749","r05",21,2024-06-13,"kc210",1,NA,"s",1,"1",1,6,NA,0
"750","r05",21,2024-06-13,"ki210",2,NA,"s",1,"1",1,6,NA,0
"751","r05",21,2024-06-13,"kc216",0,NA,"s",1,"0",1,6,NA,0
"752","r05",21,2024-06-13,"ki216",3,NA,"s",1,"0",1,6,NA,0
"753","r05",21,2024-06-13,"cc216",0,NA,"s",1,"0",1,6,NA,0
"754","r05",21,2024-06-13,"ci216",0,NA,"s",1,"-",0,0,NA,0
"755","r05",22,2024-06-14,"kc210",0,NA,"bs",1,"0",1,0,NA,0
"756","r05",22,2024-06-14,"ki210",0,NA,"bs",1,"1",1,0,NA,0
"757","r05",22,2024-06-14,"kc216",0,NA,"bs",1,"0",1,0,NA,0
"758","r05",22,2024-06-14,"ki216",1,NA,"bs",1,"1",1,0,NA,0
"759","r05",22,2024-06-14,"cc216",0,NA,"bs",1,"1",1,0,NA,0
"760","r05",22,2024-06-14,"ci216",0,NA,"bs",1,"-",0,0,NA,0
"761","r05",23,2024-06-15,"kc210",0,NA,"s",1,"0",1,6,NA,0
"762","r05",23,2024-06-15,"ki210",2,NA,"s",1,"1",1,6,NA,0
"763","r05",23,2024-06-15,"kc216",0,NA,"s",1,"1",1,6,NA,0
"764","r05",23,2024-06-15,"ki216",0,NA,"s",1,"1",1,6,NA,0
"765","r05",23,2024-06-15,"cc216",0,NA,"s",1,"0",1,4,NA,0
"766","r05",23,2024-06-15,"ci216",0,NA,"s",1,"-",0,0,NA,0
"767","r05",24,2024-06-16,"kc210",0,NA,"s",1,"1",1,0,NA,0
"768","r05",24,2024-06-16,"ki210",1,NA,"s",1,"1",1,0,NA,0
"769","r05",24,2024-06-16,"kc216",1,NA,"s",1,"0",1,0,NA,0
"770","r05",24,2024-06-16,"ki216",2,NA,"s",1,"1",1,0,NA,0
"771","r05",24,2024-06-16,"cc216",0,NA,"s",1,"-",0,0,NA,0
"772","r05",24,2024-06-16,"ci216",0,NA,"s",1,"-",0,0,NA,0
"773","r05",25,2024-06-17,"kc210",0,NA,"w",1,"1",1,5,NA,0
"774","r05",25,2024-06-17,"ki210",0,NA,"w",1,"1",1,6,NA,0
"775","r05",25,2024-06-17,"kc216",0,NA,"w",1,"0",1,6,NA,0
"776","r05",25,2024-06-17,"ki216",0,NA,"w",1,"1",1,6,NA,0
"777","r05",25,2024-06-17,"cc216",0,NA,"w",1,"-",0,0,NA,0
"778","r05",25,2024-06-17,"ci216",0,NA,"w",1,"-",0,0,NA,0
"779","r05",26,2024-06-18,"kc210",0,NA,"bs",1,"-",0,0,NA,0
"780","r05",26,2024-06-18,"ki210",1,NA,"bs",1,"1",1,0,NA,0
"781","r05",26,2024-06-18,"kc216",1,NA,"bs",1,"1",1,0,NA,0
"782","r05",26,2024-06-18,"ki216",0,NA,"bs",1,"1",1,0,NA,0
"783","r05",26,2024-06-18,"cc216",0,NA,"bs",1,"-",0,0,NA,0
"784","r05",26,2024-06-18,"ci216",0,NA,"bs",1,"-",0,0,NA,0
"785","r05",27,2024-06-19,"kc210",0,NA,"s",1,"-",0,0,NA,0
"786","r05",27,2024-06-19,"ki210",1,NA,"s",1,"1",1,6,NA,0
"787","r05",27,2024-06-19,"kc216",0,NA,"s",1,"1",1,6,NA,0
"788","r05",27,2024-06-19,"ki216",1,NA,"s",1,"0",1,3,NA,0
"789","r05",27,2024-06-19,"cc216",0,NA,"s",1,"-",0,0,NA,0
"790","r05",27,2024-06-19,"ci216",0,NA,"s",1,"-",0,0,NA,0
"791","r05",28,2024-06-20,"kc210",0,NA,"s",1,"-",0,0,NA,0
"792","r05",28,2024-06-20,"ki210",1,NA,"s",1,"1",1,0,NA,0
"793","r05",28,2024-06-20,"kc216",1,NA,"s",1,"1",1,0,NA,0
"794","r05",28,2024-06-20,"ki216",0,NA,"s",1,"-",0,0,NA,0
"795","r05",28,2024-06-20,"cc216",0,NA,"s",1,"-",0,0,NA,0
"796","r05",28,2024-06-20,"ci216",0,NA,"s",1,"-",0,0,NA,0
"797","r05",29,2024-06-21,"kc210",0,NA,"w",1,"-",0,0,NA,0
"798","r05",29,2024-06-21,"ki210",0,NA,"w",1,"0",1,6,NA,0
"799","r05",29,2024-06-21,"kc216",1,NA,"w",1,"0",1,1,NA,0
"800","r05",29,2024-06-21,"ki216",0,NA,"w",1,"-",0,0,NA,0
"801","r05",29,2024-06-21,"cc216",0,NA,"w",1,"-",0,0,NA,0
"802","r05",29,2024-06-21,"ci216",0,NA,"w",1,"-",0,0,NA,0
"803","r05",30,2024-06-22,"kc210",0,NA,"s",1,"-",0,0,NA,0
"804","r05",30,2024-06-22,"ki210",1,NA,"s",1,"1",1,2,NA,0
"805","r05",30,2024-06-22,"kc216",0,NA,"s",1,"-",0,0,NA,0
"806","r05",30,2024-06-22,"ki216",0,NA,"s",1,"-",0,0,NA,0
"807","r05",30,2024-06-22,"cc216",0,NA,"s",1,"-",0,0,NA,0
"808","r05",30,2024-06-22,"ci216",0,NA,"s",1,"-",0,0,NA,0
"809","r06",0,2024-08-30,"kc210",0,NA,"is",0,"-",0,0,NA,0
"810","r06",0,2024-08-30,"ki210",0,NA,"is",0,"-",0,0,NA,0
"811","r06",0,2024-08-30,"cc210",0,NA,"is",0,"-",0,0,NA,0
"812","r06",0,2024-08-30,"ci210",0,NA,"is",0,"-",0,0,NA,0
"813","r06",0,2024-08-30,"kc216",0,NA,"is",0,"-",0,0,NA,0
"814","r06",0,2024-08-30,"ki216",0,NA,"is",0,"-",0,0,NA,0
"815","r06",0,2024-08-30,"cc216",0,NA,"is",0,"-",0,0,NA,0
"816","r06",0,2024-08-30,"ci216",0,NA,"is",0,"-",NA,0,NA,0
"817","r06",1,2024-08-31,"kc210",0,NA,"s",1,"-",0,0,NA,0
"818","r06",1,2024-08-31,"ki210",2,NA,"s",1,"-",0,0,NA,0
"819","r06",1,2024-08-31,"cc210",1,NA,"s",1,"-",0,0,NA,0
"820","r06",1,2024-08-31,"ci210",1,NA,"s",1,"-",0,0,NA,0
"821","r06",1,2024-08-31,"kc216",0,NA,"s",1,"-",0,0,NA,0
"822","r06",1,2024-08-31,"ki216",3,NA,"s",1,"-",0,0,NA,0
"823","r06",1,2024-08-31,"cc216",3,NA,"s",1,"-",0,0,NA,0
"824","r06",1,2024-08-31,"ci216",2,NA,"s",1,"-",0,0,NA,0
"825","r06",2,2024-09-01,"kc210",0,NA,"s",1,"0",1,0,NA,0
"826","r06",2,2024-09-01,"ki210",0,NA,"s",1,"0",1,0,NA,0
"827","r06",2,2024-09-01,"cc210",0,NA,"s",1,"0",1,0,NA,0
"828","r06",2,2024-09-01,"ci210",3,NA,"s",1,"0",1,0,NA,0
"829","r06",2,2024-09-01,"kc216",0,NA,"s",1,"0",1,0,NA,0
"830","r06",2,2024-09-01,"ki216",0,NA,"s",1,"0",1,0,NA,0
"831","r06",2,2024-09-01,"cc216",1,NA,"s",1,"0",1,0,NA,0
"832","r06",2,2024-09-01,"ci216",0,NA,"s",1,"0",1,0,NA,0
"833","r06",3,2024-09-02,"kc210",0,NA,"s",1,"0",1,6,NA,0
"834","r06",3,2024-09-02,"ki210",1,NA,"s",1,"1",1,6,NA,0
"835","r06",3,2024-09-02,"cc210",1,NA,"s",1,"1",1,6,NA,0
"836","r06",3,2024-09-02,"ci210",0,NA,"s",1,"2",1,6,NA,0
"837","r06",3,2024-09-02,"kc216",0,NA,"s",1,"1",1,6,NA,0
"838","r06",3,2024-09-02,"ki216",0,NA,"s",1,"1",1,6,NA,0
"839","r06",3,2024-09-02,"cc216",0,NA,"s",1,"1",1,6,NA,0
"840","r06",3,2024-09-02,"ci216",0,NA,"s",1,"2",1,6,NA,0
"841","r06",4,2024-09-03,"kc210",0,NA,"s",1,"1",1,0,NA,0
"842","r06",4,2024-09-03,"ki210",1,NA,"s",1,"2",1,0,NA,0
"843","r06",4,2024-09-03,"cc210",1,NA,"s",1,"2",1,0,NA,0
"844","r06",4,2024-09-03,"ci210",0,NA,"s",1,"2",1,0,NA,0
"845","r06",4,2024-09-03,"kc216",0,NA,"s",1,"1",1,0,NA,0
"846","r06",4,2024-09-03,"ki216",0,NA,"s",1,"1",1,0,NA,0
"847","r06",4,2024-09-03,"cc216",3,NA,"s",1,"1",1,0,NA,0
"848","r06",4,2024-09-03,"ci216",0,NA,"s",1,"1",1,0,NA,0
"849","r06",5,2024-09-04,"kc210",0,NA,"w",1,"2",1,0,NA,0
"850","r06",5,2024-09-04,"ki210",0,NA,"w",1,"2",1,0,NA,0
"851","r06",5,2024-09-04,"cc210",0,NA,"w",1,"1",1,0,NA,0
"852","r06",5,2024-09-04,"ci210",10,NA,"w",1,"1",1,0,NA,0
"853","r06",5,2024-09-04,"kc216",2,NA,"w",1,"2",1,0,NA,0
"854","r06",5,2024-09-04,"ki216",0,NA,"w",1,"2",1,0,NA,0
"855","r06",5,2024-09-04,"cc216",1,NA,"w",1,"2",1,0,NA,0
"856","r06",5,2024-09-04,"ci216",1,NA,"w",1,"2",1,0,NA,0
"857","r06",6,2024-09-05,"kc210",1,NA,"bs",1,"1",1,6,NA,0
"858","r06",6,2024-09-05,"ki210",2,NA,"bs",1,"1",1,6,NA,0
"859","r06",6,2024-09-05,"cc210",9,NA,"bs",1,"1",1,6,NA,0
"860","r06",6,2024-09-05,"ci210",3,NA,"bs",1,"1",1,6,NA,0
"861","r06",6,2024-09-05,"kc216",11,NA,"bs",1,"1",1,6,NA,0
"862","r06",6,2024-09-05,"ki216",1,NA,"bs",1,"1",1,6,NA,0
"863","r06",6,2024-09-05,"cc216",1,NA,"bs",1,"1",1,6,NA,0
"864","r06",6,2024-09-05,"ci216",1,NA,"bs",1,"1",1,6,NA,0
"865","r06",7,2024-09-06,"kc210",4,NA,"s",1,"1",1,0,NA,0
"866","r06",7,2024-09-06,"ki210",2,NA,"s",1,"0",1,0,NA,0
"867","r06",7,2024-09-06,"cc210",1,NA,"s",1,"0",1,0,NA,0
"868","r06",7,2024-09-06,"ci210",5,NA,"s",1,"1",1,0,NA,0
"869","r06",7,2024-09-06,"kc216",10,NA,"s",1,"1",1,0,NA,0
"870","r06",7,2024-09-06,"ki216",5,NA,"s",1,"1",1,0,NA,0
"871","r06",7,2024-09-06,"cc216",6,NA,"s",1,"1",1,0,NA,0
"872","r06",7,2024-09-06,"ci216",0,NA,"s",1,"1",1,0,NA,0
"873","r06",8,2024-09-07,"kc210",1,NA,"s",1,"1",1,0,NA,0
"874","r06",8,2024-09-07,"ki210",5,NA,"s",1,"0",1,0,NA,0
"875","r06",8,2024-09-07,"cc210",3,NA,"s",1,"0",1,0,NA,0
"876","r06",8,2024-09-07,"ci210",10,NA,"s",1,"1",1,0,NA,0
"877","r06",8,2024-09-07,"kc216",6,NA,"s",1,"1",1,0,NA,0
"878","r06",8,2024-09-07,"ki216",3,NA,"s",1,"1",1,0,NA,0
"879","r06",8,2024-09-07,"cc216",6,NA,"s",1,"0",1,0,NA,0
"880","r06",8,2024-09-07,"ci216",2,NA,"s",1,"1",1,0,NA,0
"881","r06",9,2024-09-08,"kc210",0,NA,"w",1,"1",1,6,NA,0
"882","r06",9,2024-09-08,"ki210",5,NA,"w",1,"1",1,4,1,8
"883","r06",9,2024-09-08,"cc210",3,NA,"w",1,"0",1,6,NA,0
"884","r06",9,2024-09-08,"ci210",6,NA,"w",1,"1",1,4,1,8
"885","r06",9,2024-09-08,"kc216",9,NA,"w",1,"1",1,6,NA,0
"886","r06",9,2024-09-08,"ki216",0,NA,"w",1,"1",1,4,1,8
"887","r06",9,2024-09-08,"cc216",5,NA,"w",1,"0",1,6,NA,0
"888","r06",9,2024-09-08,"ci216",0,NA,"w",1,"0",1,4,1,8
"889","r06",10,2024-09-09,"kc210",2,NA,"bs",1,"1",1,0,NA,0
"890","r06",10,2024-09-09,"ki210",4,NA,"bs",1,"1",1,4,1,8
"891","r06",10,2024-09-09,"cc210",6,NA,"bs",1,"1",1,0,NA,0
"892","r06",10,2024-09-09,"ci210",4,NA,"bs",1,"1",1,4,1,8
"893","r06",10,2024-09-09,"kc216",9,NA,"bs",1,"2",1,0,NA,0
"894","r06",10,2024-09-09,"ki216",3,NA,"bs",1,"1",1,4,1,8
"895","r06",10,2024-09-09,"cc216",0,NA,"bs",1,"2",1,0,NA,0
"896","r06",10,2024-09-09,"ci216",2,NA,"bs",1,"2",1,4,1,8
"897","r06",11,2024-09-10,"kc210",0,NA,"s",1,"1",1,6,NA,0
"898","r06",11,2024-09-10,"ki210",4,NA,"s",1,"1",1,4,1,8
"899","r06",11,2024-09-10,"cc210",3,NA,"s",1,"0",1,6,NA,0
"900","r06",11,2024-09-10,"ci210",0,NA,"s",1,"1",1,4,1,8
"901","r06",11,2024-09-10,"kc216",9,NA,"s",1,"1",1,6,NA,0
"902","r06",11,2024-09-10,"ki216",4,NA,"s",1,"1",1,4,1,8
"903","r06",11,2024-09-10,"cc216",8,NA,"s",1,"1",1,6,NA,0
"904","r06",11,2024-09-10,"ci216",1,NA,"s",1,"1",1,4,1,8
"905","r06",12,2024-09-11,"kc210",1,NA,"s",1,"1",1,0,NA,0
"906","r06",12,2024-09-11,"ki210",3,NA,"s",1,"1",1,4,1,8
"907","r06",12,2024-09-11,"cc210",4,NA,"s",1,"1",1,0,NA,0
"908","r06",12,2024-09-11,"ci210",5,NA,"s",1,"1",1,4,1,8
"909","r06",12,2024-09-11,"kc216",11,NA,"s",1,"1",1,0,NA,0
"910","r06",12,2024-09-11,"ki216",16,NA,"s",1,"1",1,4,1,8
"911","r06",12,2024-09-11,"cc216",18,NA,"s",1,"1",1,0,NA,0
"912","r06",12,2024-09-11,"ci216",5,NA,"s",1,"1",1,4,1,8
"913","r06",13,2024-09-12,"kc210",2,NA,"w",1,"1",1,6,NA,0
"914","r06",13,2024-09-12,"ki210",1,NA,"w",1,"1",1,4,1,8
"915","r06",13,2024-09-12,"cc210",0,NA,"w",1,"1",1,6,NA,0
"916","r06",13,2024-09-12,"ci210",0,NA,"w",1,"1",1,4,1,8
"917","r06",13,2024-09-12,"kc216",6,NA,"w",1,"1",1,6,NA,0
"918","r06",13,2024-09-12,"ki216",7,NA,"w",1,"1",1,4,1,8
"919","r06",13,2024-09-12,"cc216",2,NA,"w",1,"1",1,6,NA,0
"920","r06",13,2024-09-12,"ci216",2,NA,"w",1,"1",1,4,1,8
"921","r06",14,2024-09-13,"kc210",2,NA,"bs",1,"1",1,0,NA,0
"922","r06",14,2024-09-13,"ki210",0,NA,"bs",1,"1",1,4,1,8
"923","r06",14,2024-09-13,"cc210",2,NA,"bs",1,"1",1,0,NA,0
"924","r06",14,2024-09-13,"ci210",4,NA,"bs",1,"1",1,4,1,8
"925","r06",14,2024-09-13,"kc216",3,NA,"bs",1,"1",1,0,NA,0
"926","r06",14,2024-09-13,"ki216",4,NA,"bs",1,"1",1,4,1,8
"927","r06",14,2024-09-13,"cc216",13,NA,"bs",1,"1",1,0,NA,0
"928","r06",14,2024-09-13,"ci216",2,NA,"bs",1,"1",1,4,1,8
"929","r06",15,2024-09-14,"kc210",4,NA,"s",1,"1",1,6,NA,0
"930","r06",15,2024-09-14,"ki210",5,NA,"s",1,"1",1,4,1,8
"931","r06",15,2024-09-14,"cc210",6,NA,"s",1,"1",1,6,NA,0
"932","r06",15,2024-09-14,"ci210",2,NA,"s",1,"1",1,4,1,8
"933","r06",15,2024-09-14,"kc216",1,NA,"s",1,"1",1,6,NA,0
"934","r06",15,2024-09-14,"ki216",2,NA,"s",1,"1",1,4,1,8
"935","r06",15,2024-09-14,"cc216",6,NA,"s",1,"1",1,6,NA,0
"936","r06",15,2024-09-14,"ci216",3,NA,"s",1,"1",1,4,1,8
"937","r06",16,2024-09-15,"kc210",1,NA,"s",1,"0",1,0,NA,0
"938","r06",16,2024-09-15,"ki210",2,NA,"s",1,"1",1,4,1,8
"939","r06",16,2024-09-15,"cc210",3,NA,"s",1,"1",1,0,NA,0
"940","r06",16,2024-09-15,"ci210",0,NA,"s",1,"1",1,4,1,8
"941","r06",16,2024-09-15,"kc216",0,NA,"s",1,"1",1,0,NA,0
"942","r06",16,2024-09-15,"ki216",6,NA,"s",1,"1",1,4,1,8
"943","r06",16,2024-09-15,"cc216",6,NA,"s",1,"1",1,0,NA,0
"944","r06",16,2024-09-15,"ci216",3,NA,"s",1,"0",1,4,1,8
"945","r06",17,2024-09-16,"kc210",3,NA,"w",1,"1",1,6,NA,0
"946","r06",17,2024-09-16,"ki210",0,NA,"w",1,"1",1,4,1,8
"947","r06",17,2024-09-16,"cc210",1,NA,"w",1,"1",1,6,NA,0
"948","r06",17,2024-09-16,"ci210",1,NA,"w",1,"1",1,4,1,8
"949","r06",17,2024-09-16,"kc216",1,NA,"w",1,"1",1,6,NA,0
"950","r06",17,2024-09-16,"ki216",2,NA,"w",1,"1",1,4,1,8
"951","r06",17,2024-09-16,"cc216",1,NA,"w",1,"1",1,6,NA,0
"952","r06",17,2024-09-16,"ci216",1,NA,"w",1,"0",1,4,1,8
"953","r06",18,2024-09-17,"kc210",0,NA,"bs",1,"1",1,0,NA,0
"954","r06",18,2024-09-17,"ki210",2,NA,"bs",1,"1",1,4,1,8
"955","r06",18,2024-09-17,"cc210",3,NA,"bs",1,"1",1,0,NA,0
"956","r06",18,2024-09-17,"ci210",1,NA,"bs",1,"1",1,4,1,8
"957","r06",18,2024-09-17,"kc216",0,NA,"bs",1,"1",1,0,NA,0
"958","r06",18,2024-09-17,"ki216",2,NA,"bs",1,"1",1,4,1,8
"959","r06",18,2024-09-17,"cc216",4,NA,"bs",1,"1",1,0,NA,0
"960","r06",18,2024-09-17,"ci216",0,NA,"bs",1,"1",1,4,1,8
"961","r06",19,2024-09-18,"kc210",3,NA,"s",1,"1",1,6,NA,0
"962","r06",19,2024-09-18,"ki210",3,NA,"s",1,"1",1,4,1,8
"963","r06",19,2024-09-18,"cc210",1,NA,"s",1,"1",1,6,NA,0
"964","r06",19,2024-09-18,"ci210",1,NA,"s",1,"1",1,4,1,8
"965","r06",19,2024-09-18,"kc216",2,NA,"s",1,"1",1,6,NA,0
"966","r06",19,2024-09-18,"ki216",1,NA,"s",1,"1",1,4,1,8
"967","r06",19,2024-09-18,"cc216",1,NA,"s",1,"1",1,6,NA,0
"968","r06",19,2024-09-18,"ci216",0,NA,"s",1,"0",1,4,1,8
"969","r06",20,2024-09-19,"kc210",0,NA,"s",1,"1",1,0,NA,0
"970","r06",20,2024-09-19,"ki210",2,NA,"s",1,"1",1,4,1,8
"971","r06",20,2024-09-19,"cc210",1,NA,"s",1,"0",1,0,NA,0
"972","r06",20,2024-09-19,"ci210",0,NA,"s",1,"1",1,4,1,8
"973","r06",20,2024-09-19,"kc216",0,NA,"s",1,"1",1,0,NA,0
"974","r06",20,2024-09-19,"ki216",1,NA,"s",1,"1",1,0,NA,0
"975","r06",20,2024-09-19,"cc216",1,NA,"s",1,"1",1,0,NA,0
"976","r06",20,2024-09-19,"ci216",0,NA,"s",1,"0",1,4,1,8
"977","r06",21,2024-09-20,"kc210",0,NA,"w",1,"1",1,6,NA,0
"978","r06",21,2024-09-20,"ki210",1,NA,"w",1,"0",1,4,1,8
"979","r06",21,2024-09-20,"cc210",5,NA,"w",1,"1",1,6,NA,0
"980","r06",21,2024-09-20,"ci210",0,NA,"w",1,"1",1,4,1,8
"981","r06",21,2024-09-20,"kc216",1,NA,"w",1,"0",1,6,NA,0
"982","r06",21,2024-09-20,"ki216",0,NA,"w",1,"1",1,6,NA,0
"983","r06",21,2024-09-20,"cc216",1,NA,"w",1,"1",1,6,NA,0
"984","r06",21,2024-09-20,"ci216",0,NA,"w",1,"0",1,6,NA,0
"985","r06",22,2024-09-21,"kc210",2,NA,"bs",1,"1",1,0,NA,0
"986","r06",22,2024-09-21,"ki210",1,NA,"bs",1,"1",1,0,NA,0
"987","r06",22,2024-09-21,"cc210",1,NA,"bs",1,"1",1,0,NA,0
"988","r06",22,2024-09-21,"ci210",0,NA,"bs",1,"1",1,4,1,8
"989","r06",22,2024-09-21,"kc216",0,NA,"bs",1,"1",1,0,NA,0
"990","r06",22,2024-09-21,"ki216",0,NA,"bs",1,"1",1,0,NA,0
"991","r06",22,2024-09-21,"cc216",1,NA,"bs",1,"1",1,0,NA,0
"992","r06",22,2024-09-21,"ci216",0,NA,"bs",1,"-",0,0,NA,0
"993","r06",23,2024-09-22,"kc210",0,NA,"s",1,"1",1,6,NA,0
"994","r06",23,2024-09-22,"ki210",0,NA,"s",1,"1",1,6,NA,0
"995","r06",23,2024-09-22,"cc210",3,NA,"s",1,"1",1,6,NA,0
"996","r06",23,2024-09-22,"ci210",0,NA,"s",1,"-",0,0,NA,0
"997","r06",23,2024-09-22,"kc216",0,NA,"s",1,"1",1,6,NA,0
"998","r06",23,2024-09-22,"ki216",0,NA,"s",1,"1",1,6,NA,0
"999","r06",23,2024-09-22,"cc216",0,NA,"s",1,"1",1,6,NA,0
"1000","r06",23,2024-09-22,"ci216",0,NA,"s",1,"-",0,0,NA,0
"1001","r06",24,2024-09-23,"kc210",0,NA,"s",1,"1",1,0,NA,0
"1002","r06",24,2024-09-23,"ki210",1,NA,"s",1,"1",1,0,NA,0
"1003","r06",24,2024-09-23,"cc210",0,NA,"s",1,"1",1,0,NA,0
"1004","r06",24,2024-09-23,"ci210",0,NA,"s",1,"-",0,0,NA,0
"1005","r06",24,2024-09-23,"kc216",0,NA,"s",1,"1",1,0,NA,0
"1006","r06",24,2024-09-23,"ki216",0,NA,"s",1,"1",1,0,NA,0
"1007","r06",24,2024-09-23,"cc216",0,NA,"s",1,"1",1,0,NA,0
"1008","r06",24,2024-09-23,"ci216",0,NA,"s",1,"-",0,0,NA,0
"1009","r06",25,2024-09-24,"kc210",2,NA,"s",1,"1",1,6,NA,0
"1010","r06",25,2024-09-24,"ki210",2,NA,"s",1,"1",1,6,NA,0
"1011","r06",25,2024-09-24,"cc210",1,NA,"s",1,"1",1,6,NA,0
"1012","r06",25,2024-09-24,"ci210",0,NA,"s",1,"-",0,0,NA,0
"1013","r06",25,2024-09-24,"kc216",0,NA,"s",1,"1",1,2,NA,0
"1014","r06",25,2024-09-24,"ki216",0,NA,"s",1,"1",1,2,NA,0
"1015","r06",25,2024-09-24,"cc216",0,NA,"s",1,"1",1,6,NA,0
"1016","r06",25,2024-09-24,"ci216",0,NA,"s",1,"-",0,0,NA,0
"1017","r06",26,2024-09-25,"kc210",0,NA,"s",1,"1",1,0,NA,0
"1018","r06",26,2024-09-25,"ki210",2,NA,"s",1,"1",1,0,NA,0
"1019","r06",26,2024-09-25,"cc210",0,NA,"s",1,"1",1,0,NA,0
"1020","r06",26,2024-09-25,"ci210",0,NA,"s",1,"-",0,0,NA,0
"1021","r06",26,2024-09-25,"kc216",0,NA,"s",1,"-",0,0,NA,0
"1022","r06",26,2024-09-25,"ki216",0,NA,"s",1,"-",0,0,NA,0
"1023","r06",26,2024-09-25,"cc216",0,NA,"s",1,"1",1,0,NA,0
"1024","r06",26,2024-09-25,"ci216",0,NA,"s",1,"-",0,0,NA,0
"1025","r06",27,2024-09-26,"kc210",1,NA,"w",1,"1",1,6,NA,0
"1026","r06",27,2024-09-26,"ki210",1,NA,"w",1,"1",1,6,NA,0
"1027","r06",27,2024-09-26,"cc210",1,NA,"w",1,"1",1,6,NA,0
"1028","r06",27,2024-09-26,"ci210",0,NA,"w",1,"-",0,0,NA,0
"1029","r06",27,2024-09-26,"kc216",0,NA,"w",1,"-",0,0,NA,0
"1030","r06",27,2024-09-26,"ki216",0,NA,"w",1,"-",0,0,NA,0
"1031","r06",27,2024-09-26,"cc216",0,NA,"w",1,"0",1,5,NA,0
"1032","r06",27,2024-09-26,"ci216",0,NA,"w",1,"-",0,0,NA,0
"1033","r06",28,2024-09-27,"kc210",0,NA,"bs",1,"1",1,0,NA,0
"1034","r06",28,2024-09-27,"ki210",1,NA,"bs",1,"1",1,0,NA,0
"1035","r06",28,2024-09-27,"cc210",0,NA,"bs",1,"1",1,0,NA,0
"1036","r06",28,2024-09-27,"ci210",0,NA,"bs",1,"-",0,0,NA,0
"1037","r06",28,2024-09-27,"kc216",0,NA,"bs",1,"-",0,0,NA,0
"1038","r06",28,2024-09-27,"ki216",0,NA,"bs",1,"-",0,0,NA,0
"1039","r06",28,2024-09-27,"cc216",0,NA,"bs",1,"-",0,0,NA,0
"1040","r06",28,2024-09-27,"ci216",0,NA,"bs",1,"-",0,0,NA,0
"1041","r06",29,2024-09-28,"kc210",2,NA,"s",1,"1",1,6,NA,0
"1042","r06",29,2024-09-28,"ki210",1,NA,"s",1,"1",1,3,NA,0
"1043","r06",29,2024-09-28,"cc210",0,NA,"s",1,"1",1,2,NA,0
"1044","r06",29,2024-09-28,"ci210",0,NA,"s",1,"-",0,0,NA,0
"1045","r06",29,2024-09-28,"kc216",0,NA,"s",1,"-",0,0,NA,0
"1046","r06",29,2024-09-28,"ki216",0,NA,"s",1,"-",0,0,NA,0
"1047","r06",29,2024-09-28,"cc216",0,NA,"s",1,"-",0,0,NA,0
"1048","r06",29,2024-09-28,"ci216",0,NA,"s",1,"-",0,0,NA,0
"1049","r06",30,2024-09-29,"kc210",0,NA,"s",1,"1",1,4,NA,0
"1050","r06",30,2024-09-29,"ki210",0,NA,"s",1,"-",0,0,NA,0
"1051","r06",30,2024-09-29,"cc210",0,NA,"s",1,"-",0,0,NA,0
"1052","r06",30,2024-09-29,"ci210",0,NA,"s",1,"-",0,0,NA,0
"1053","r06",30,2024-09-29,"kc216",0,NA,"s",1,"-",0,0,NA,0
"1054","r06",30,2024-09-29,"ki216",0,NA,"s",1,"-",0,0,NA,0
"1055","r06",30,2024-09-29,"cc216",0,NA,"s",1,"-",0,0,NA,0
"1056","r06",30,2024-09-29,"ci216",0,NA,"s",1,"-",0,0,NA,0
"1057","r07",0,2024-11-02,"kc210",0,NA,"is",0,"-",0,0,NA,0
"1058","r07",0,2024-11-02,"ki210",0,NA,"is",0,"-",0,0,NA,0
"1059","r07",0,2024-11-02,"cc210",0,NA,"is",0,"-",0,0,NA,0
"1060","r07",0,2024-11-02,"ci210",0,NA,"is",0,"-",0,0,NA,0
"1061","r07",0,2024-11-02,"kc216",0,NA,"is",0,"-",0,0,NA,0
"1062","r07",0,2024-11-02,"ki216",0,NA,"is",0,"-",0,0,NA,0
"1063","r07",0,2024-11-02,"cc216",0,NA,"is",0,"-",0,0,NA,0
"1064","r07",0,2024-11-02,"ci216",0,NA,"is",0,"-",0,0,NA,0
"1065","r07",1,2024-11-03,"kc210",0,NA,"s",1,"-",0,0,NA,0
"1066","r07",1,2024-11-03,"ki210",0,NA,"s",1,"-",0,0,NA,0
"1067","r07",1,2024-11-03,"cc210",4,NA,"s",1,"-",0,0,NA,0
"1068","r07",1,2024-11-03,"ci210",7,NA,"s",1,"-",0,0,NA,0
"1069","r07",1,2024-11-03,"kc216",2,NA,"s",1,"-",0,0,NA,0
"1070","r07",1,2024-11-03,"ki216",2,NA,"s",1,"-",0,0,NA,0
"1071","r07",1,2024-11-03,"cc216",4,NA,"s",1,"-",0,0,NA,0
"1072","r07",1,2024-11-03,"ci216",2,NA,"s",1,"-",0,0,NA,0
"1073","r07",2,2024-11-04,"kc210",2,NA,"s",1,"1",1,0,NA,0
"1074","r07",2,2024-11-04,"ki210",2,NA,"s",1,"1",1,0,NA,0
"1075","r07",2,2024-11-04,"cc210",7,NA,"s",1,"1",1,0,NA,0
"1076","r07",2,2024-11-04,"ci210",1,NA,"s",1,"1",1,0,NA,0
"1077","r07",2,2024-11-04,"kc216",0,NA,"s",1,"1",1,0,NA,0
"1078","r07",2,2024-11-04,"ki216",1,NA,"s",1,"1",1,0,NA,0
"1079","r07",2,2024-11-04,"cc216",3,NA,"s",1,"1",1,0,NA,0
"1080","r07",2,2024-11-04,"ci216",3,NA,"s",1,"1",1,0,NA,0
"1081","r07",3,2024-11-05,"kc210",0,NA,"s",1,"0",1,6,NA,0
"1082","r07",3,2024-11-05,"ki210",0,NA,"s",1,"1",1,6,NA,0
"1083","r07",3,2024-11-05,"cc210",0,NA,"s",1,"0",1,6,NA,0
"1084","r07",3,2024-11-05,"ci210",0,NA,"s",1,"1",1,6,NA,0
"1085","r07",3,2024-11-05,"kc216",0,NA,"s",1,"0",1,6,NA,0
"1086","r07",3,2024-11-05,"ki216",1,NA,"s",1,"0",1,6,NA,0
"1087","r07",3,2024-11-05,"cc216",5,NA,"s",1,"1",1,6,NA,0
"1088","r07",3,2024-11-05,"ci216",5,NA,"s",1,"1",1,6,NA,0
"1089","r07",4,2024-11-06,"kc210",0,NA,"s",1,"1",1,0,NA,0
"1090","r07",4,2024-11-06,"ki210",2,NA,"s",1,"1",1,0,NA,0
"1091","r07",4,2024-11-06,"cc210",8,NA,"s",1,"1",1,0,NA,0
"1092","r07",4,2024-11-06,"ci210",2,NA,"s",1,"1",1,0,NA,0
"1093","r07",4,2024-11-06,"kc216",2,NA,"s",1,"1",1,0,NA,0
"1094","r07",4,2024-11-06,"ki216",0,NA,"s",1,"1",1,0,NA,0
"1095","r07",4,2024-11-06,"cc216",18,NA,"s",1,"1",1,0,NA,0
"1096","r07",4,2024-11-06,"ci216",25,NA,"s",1,"1",1,0,NA,0
"1097","r07",5,2024-11-07,"kc210",1,NA,"s",1,"1",1,0,NA,0
"1098","r07",5,2024-11-07,"ki210",1,NA,"s",1,"1",1,0,NA,0
"1099","r07",5,2024-11-07,"cc210",32,NA,"s",1,"1",1,0,NA,0
"1100","r07",5,2024-11-07,"ci210",25,NA,"s",1,"1",1,0,NA,0
"1101","r07",5,2024-11-07,"kc216",3,NA,"s",1,"1",1,0,NA,0
"1102","r07",5,2024-11-07,"ki216",3,NA,"s",1,"1",1,0,NA,0
"1103","r07",5,2024-11-07,"cc216",42,NA,"s",1,"1",1,0,NA,0
"1104","r07",5,2024-11-07,"ci216",28,NA,"s",1,"1",1,0,NA,0
"1105","r07",6,2024-11-08,"kc210",0,NA,"w",1,"1",1,6,NA,0
"1106","r07",6,2024-11-08,"ki210",2,NA,"w",1,"1",1,6,NA,0
"1107","r07",6,2024-11-08,"cc210",37,NA,"w",1,"1",1,6,NA,0
"1108","r07",6,2024-11-08,"ci210",14,NA,"w",1,"1",1,6,NA,0
"1109","r07",6,2024-11-08,"kc216",3,NA,"w",1,"1",1,6,NA,0
"1110","r07",6,2024-11-08,"ki216",2,NA,"w",1,"1",1,6,NA,0
"1111","r07",6,2024-11-08,"cc216",32,NA,"w",1,"1",1,6,NA,0
"1112","r07",6,2024-11-08,"ci216",23,NA,"w",1,"1",1,6,NA,0
"1113","r07",7,2024-11-09,"kc210",0,NA,"bs",1,"0",1,0,NA,0
"1114","r07",7,2024-11-09,"ki210",0,NA,"bs",1,"0",1,0,NA,0
"1115","r07",7,2024-11-09,"cc210",8,NA,"bs",1,"1",1,0,NA,0
"1116","r07",7,2024-11-09,"ci210",7,NA,"bs",1,"1",1,0,NA,0
"1117","r07",7,2024-11-09,"kc216",6,NA,"bs",1,"1",1,0,NA,0
"1118","r07",7,2024-11-09,"ki216",0,NA,"bs",1,"1",1,0,NA,0
"1119","r07",7,2024-11-09,"cc216",12,NA,"bs",1,"1",1,0,NA,0
"1120","r07",7,2024-11-09,"ci216",8,NA,"bs",1,"1",1,0,NA,0
"1121","r07",8,2024-11-10,"kc210",1,NA,"s",1,"1",1,0,NA,0
"1122","r07",8,2024-11-10,"ki210",3,NA,"s",1,"1",1,0,NA,0
"1123","r07",8,2024-11-10,"cc210",15,NA,"s",1,"1",1,0,NA,0
"1124","r07",8,2024-11-10,"ci210",6,NA,"s",1,"1",1,0,NA,0
"1125","r07",8,2024-11-10,"kc216",4,NA,"s",1,"1",1,0,NA,0
"1126","r07",8,2024-11-10,"ki216",9,NA,"s",1,"1",1,0,NA,0
"1127","r07",8,2024-11-10,"cc216",16,NA,"s",1,"1",1,0,NA,0
"1128","r07",8,2024-11-10,"ci216",12,NA,"s",1,"1",1,0,NA,0
"1129","r07",9,2024-11-11,"kc210",0,NA,"s",1,"0",1,6,NA,0
"1130","r07",9,2024-11-11,"ki210",0,NA,"s",1,"1",1,6,NA,0
"1131","r07",9,2024-11-11,"cc210",8,NA,"s",1,"1",1,6,NA,0
"1132","r07",9,2024-11-11,"ci210",4,NA,"s",1,"1",1,6,NA,0
"1133","r07",9,2024-11-11,"kc216",7,NA,"s",1,"1",1,6,NA,0
"1134","r07",9,2024-11-11,"ki216",3,NA,"s",1,"1",1,6,NA,0
"1135","r07",9,2024-11-11,"cc216",5,NA,"s",1,"1",1,6,NA,0
"1136","r07",9,2024-11-11,"ci216",5,NA,"s",1,"1",1,6,NA,0
"1137","r07",10,2024-11-12,"kc210",0,NA,"w",1,"0",1,0,NA,0
"1138","r07",10,2024-11-12,"ki210",2,NA,"w",1,"1",1,4,1,8
"1139","r07",10,2024-11-12,"cc210",2,NA,"w",1,"0",1,0,NA,0
"1140","r07",10,2024-11-12,"ci210",0,NA,"w",1,"0",1,4,1,8
"1141","r07",10,2024-11-12,"kc216",2,NA,"w",1,"1",1,0,NA,0
"1142","r07",10,2024-11-12,"ki216",3,NA,"w",1,"0",1,4,1,8
"1143","r07",10,2024-11-12,"cc216",7,NA,"w",1,"0",1,0,NA,0
"1144","r07",10,2024-11-12,"ci216",4,NA,"w",1,"1",1,4,1,8
"1145","r07",11,2024-11-13,"kc210",0,NA,"bs",1,"1",1,6,NA,0
"1146","r07",11,2024-11-13,"ki210",11,NA,"bs",1,"1",1,4,1,8
"1147","r07",11,2024-11-13,"cc210",3,NA,"bs",1,"1",1,6,NA,0
"1148","r07",11,2024-11-13,"ci210",8,NA,"bs",1,"1",1,4,1,8
"1149","r07",11,2024-11-13,"kc216",7,NA,"bs",1,"1",1,6,NA,0
"1150","r07",11,2024-11-13,"ki216",5,NA,"bs",1,"1",1,4,1,8
"1151","r07",11,2024-11-13,"cc216",19,NA,"bs",1,"1",1,6,NA,0
"1152","r07",11,2024-11-13,"ci216",5,NA,"bs",1,"1",1,4,1,8
"1153","r07",12,2024-11-14,"kc210",6,NA,"s",1,"1",1,0,NA,0
"1154","r07",12,2024-11-14,"ki210",6,NA,"s",1,"1",1,4,1,8
"1155","r07",12,2024-11-14,"cc210",12,NA,"s",1,"1",1,0,NA,0
"1156","r07",12,2024-11-14,"ci210",13,NA,"s",1,"1",1,4,1,8
"1157","r07",12,2024-11-14,"kc216",20,NA,"s",1,"1",1,0,NA,0
"1158","r07",12,2024-11-14,"ki216",16,NA,"s",1,"1",1,4,1,8
"1159","r07",12,2024-11-14,"cc216",14,NA,"s",1,"1",1,0,NA,0
"1160","r07",12,2024-11-14,"ci216",11,NA,"s",1,"1",1,4,1,8
"1161","r07",13,2024-11-15,"kc210",4,NA,"s",1,"0",1,6,NA,0
"1162","r07",13,2024-11-15,"ki210",9,NA,"s",1,"1",1,4,1,8
"1163","r07",13,2024-11-15,"cc210",2,NA,"s",1,"1",1,6,NA,0
"1164","r07",13,2024-11-15,"ci210",7,NA,"s",1,"1",1,4,1,8
"1165","r07",13,2024-11-15,"kc216",8,NA,"s",1,"1",1,6,NA,0
"1166","r07",13,2024-11-15,"ki216",7,NA,"s",1,"1",1,4,1,8
"1167","r07",13,2024-11-15,"cc216",3,NA,"s",1,"1",1,6,NA,0
"1168","r07",13,2024-11-15,"ci216",4,NA,"s",1,"1",1,4,1,8
"1169","r07",14,2024-11-16,"kc210",1,NA,"w",1,"0",1,0,NA,0
"1170","r07",14,2024-11-16,"ki210",7,NA,"w",1,"1",1,4,1,8
"1171","r07",14,2024-11-16,"cc210",3,NA,"w",1,"0",1,0,NA,0
"1172","r07",14,2024-11-16,"ci210",3,NA,"w",1,"1",1,4,1,8
"1173","r07",14,2024-11-16,"kc216",4,NA,"w",1,"1",1,0,NA,0
"1174","r07",14,2024-11-16,"ki216",8,NA,"w",1,"1",1,4,1,8
"1175","r07",14,2024-11-16,"cc216",2,NA,"w",1,"0",1,0,NA,0
"1176","r07",14,2024-11-16,"ci216",5,NA,"w",1,"0",1,4,1,8
"1177","r07",15,2024-11-17,"kc210",1,NA,"bs",1,"1",1,6,NA,0
"1178","r07",15,2024-11-17,"ki210",5,NA,"bs",1,"1",1,4,1,8
"1179","r07",15,2024-11-17,"cc210",2,NA,"bs",1,"1",1,6,NA,0
"1180","r07",15,2024-11-17,"ci210",1,NA,"bs",1,"1",1,4,1,8
"1181","r07",15,2024-11-17,"kc216",8,NA,"bs",1,"1",1,6,NA,0
"1182","r07",15,2024-11-17,"ki216",13,NA,"bs",1,"1",1,4,1,8
"1183","r07",15,2024-11-17,"cc216",1,NA,"bs",1,"0",1,6,NA,0
"1184","r07",15,2024-11-17,"ci216",0,NA,"bs",1,"0",1,4,1,8
"1185","r07",16,2024-11-18,"kc210",2,NA,"s",1,"1",1,0,NA,0
"1186","r07",16,2024-11-18,"ki210",5,NA,"s",1,"1",1,4,1,8
"1187","r07",16,2024-11-18,"cc210",3,NA,"s",1,"1",1,0,NA,0
"1188","r07",16,2024-11-18,"ci210",2,NA,"s",1,"1",1,4,1,8
"1189","r07",16,2024-11-18,"kc216",2,NA,"s",1,"0",1,0,NA,0
"1190","r07",16,2024-11-18,"ki216",2,NA,"s",1,"1",1,4,1,8
"1191","r07",16,2024-11-18,"cc216",0,NA,"s",1,"0",1,0,NA,0
"1192","r07",16,2024-11-18,"ci216",0,NA,"s",1,"0",1,4,1,8
"1193","r07",17,2024-11-19,"kc210",1,NA,"s",1,"1",1,6,NA,0
"1194","r07",17,2024-11-19,"ki210",6,NA,"s",1,"0",1,4,1,8
"1195","r07",17,2024-11-19,"cc210",1,NA,"s",1,"0",1,6,NA,0
"1196","r07",17,2024-11-19,"ci210",2,NA,"s",1,"1",1,4,1,8
"1197","r07",17,2024-11-19,"kc216",6,NA,"s",1,"1",1,6,NA,0
"1198","r07",17,2024-11-19,"ki216",10,NA,"s",1,"1",1,4,1,8
"1199","r07",17,2024-11-19,"cc216",1,NA,"s",1,"0",1,1,NA,0
"1200","r07",17,2024-11-19,"ci216",0,NA,"s",1,"0",1,1,1,2
"1201","r07",18,2024-11-20,"kc210",2,NA,"w",1,"1",1,0,NA,0
"1202","r07",18,2024-11-20,"ki210",1,NA,"w",1,"0",1,4,1,8
"1203","r07",18,2024-11-20,"cc210",0,NA,"w",1,"0",1,0,NA,0
"1204","r07",18,2024-11-20,"ci210",2,NA,"w",1,"1",1,4,1,8
"1205","r07",18,2024-11-20,"kc216",1,NA,"w",1,"1",1,0,NA,0
"1206","r07",18,2024-11-20,"ki216",3,NA,"w",1,"1",1,4,1,8
"1207","r07",18,2024-11-20,"cc216",0,NA,"w",1,"-",0,0,NA,0
"1208","r07",18,2024-11-20,"ci216",0,NA,"w",1,"-",0,0,NA,0
"1209","r07",19,2024-11-21,"kc210",1,NA,"bs",1,"0",1,6,NA,0
"1210","r07",19,2024-11-21,"ki210",0,NA,"bs",1,"1",1,4,1,8
"1211","r07",19,2024-11-21,"cc210",0,NA,"bs",1,"1",1,6,NA,0
"1212","r07",19,2024-11-21,"ci210",0,NA,"bs",1,"1",1,4,1,8
"1213","r07",19,2024-11-21,"kc216",1,NA,"bs",1,"0",1,6,NA,0
"1214","r07",19,2024-11-21,"ki216",4,NA,"bs",1,"0",1,4,1,8
"1215","r07",19,2024-11-21,"cc216",0,NA,"bs",1,"-",0,0,NA,0
"1216","r07",19,2024-11-21,"ci216",0,NA,"bs",1,"-",0,0,NA,0
"1217","r07",20,2024-11-22,"kc210",0,NA,"s",1,"0",1,0,NA,0
"1218","r07",20,2024-11-22,"ki210",1,NA,"s",1,"1",1,4,1,8
"1219","r07",20,2024-11-22,"cc210",0,NA,"s",1,"1",1,0,NA,0
"1220","r07",20,2024-11-22,"ci210",0,NA,"s",1,"1",1,4,1,8
"1221","r07",20,2024-11-22,"kc216",0,NA,"s",1,"1",1,0,NA,0
"1222","r07",20,2024-11-22,"ki216",3,NA,"s",1,"1",1,4,1,8
"1223","r07",20,2024-11-22,"cc216",0,NA,"s",1,"-",0,0,NA,0
"1224","r07",20,2024-11-22,"ci216",0,NA,"s",1,"-",0,0,NA,0
"1225","r07",21,2024-11-23,"kc210",1,NA,"s",1,"1",1,6,NA,0
"1226","r07",21,2024-11-23,"ki210",2,NA,"s",1,"1",1,6,NA,0
"1227","r07",21,2024-11-23,"cc210",0,NA,"s",1,"0",1,2,NA,0
"1228","r07",21,2024-11-23,"ci210",0,NA,"s",1,"0",1,5,NA,0
"1229","r07",21,2024-11-23,"kc216",1,NA,"s",1,"1",1,6,NA,0
"1230","r07",21,2024-11-23,"ki216",0,NA,"s",1,"1",1,6,NA,0
"1231","r07",21,2024-11-23,"cc216",0,NA,"s",1,"-",0,0,NA,0
"1232","r07",21,2024-11-23,"ci216",0,NA,"s",1,"-",0,0,NA,0
"1233","r07",22,2024-11-24,"kc210",2,NA,"s",0,"-",0,0,NA,0
"1234","r07",22,2024-11-24,"ki210",0,NA,"s",0,"-",0,0,NA,0
"1235","r07",22,2024-11-24,"cc210",0,NA,"s",0,"-",0,0,NA,0
"1236","r07",22,2024-11-24,"ci210",0,NA,"s",0,"-",0,0,NA,0
"1237","r07",22,2024-11-24,"kc216",0,NA,"s",0,"-",0,0,NA,0
"1238","r07",22,2024-11-24,"ki216",1,NA,"s",0,"-",0,0,NA,0
"1239","r07",22,2024-11-24,"cc216",0,NA,"s",0,"-",0,0,NA,0
"1240","r07",22,2024-11-24,"ci216",0,NA,"s",0,"-",0,0,NA,0
"1241","r07",23,2024-11-25,"kc210",1,NA,"s",0,"-",0,0,NA,0
"1242","r07",23,2024-11-25,"ki210",1,NA,"s",0,"-",0,0,NA,0
"1243","r07",23,2024-11-25,"cc210",0,NA,"s",0,"-",0,0,NA,0
"1244","r07",23,2024-11-25,"ci210",0,NA,"s",0,"-",0,0,NA,0
"1245","r07",23,2024-11-25,"kc216",1,NA,"s",0,"-",0,0,NA,0
"1246","r07",23,2024-11-25,"ki216",0,NA,"s",0,"-",0,0,NA,0
"1247","r07",23,2024-11-25,"cc216",0,NA,"s",0,"-",0,0,NA,0
"1248","r07",23,2024-11-25,"ci216",0,NA,"s",0,"-",0,0,NA,0
"1249","r07",24,2024-11-26,"kc210",0,NA,"s",1,"-",0,0,NA,0
"1250","r07",24,2024-11-26,"ki210",0,NA,"s",1,"-",0,0,NA,0
"1251","r07",24,2024-11-26,"cc210",0,NA,"s",1,"-",0,0,NA,0
"1252","r07",24,2024-11-26,"ci210",0,NA,"s",1,"-",0,0,NA,0
"1253","r07",24,2024-11-26,"kc216",0,NA,"s",1,"-",0,0,NA,0
"1254","r07",24,2024-11-26,"ki216",0,NA,"s",1,"-",0,0,NA,0
"1255","r07",24,2024-11-26,"cc216",0,NA,"s",1,"-",0,0,NA,0
"1256","r07",24,2024-11-26,"ci216",0,NA,"s",1,"-",0,0,NA,0
"1257","r07",25,2024-11-27,"kc210",0,NA,"s",1,"1",1,6,NA,0
"1258","r07",25,2024-11-27,"ki210",2,NA,"s",1,"1",1,6,NA,0
"1259","r07",25,2024-11-27,"cc210",0,NA,"s",1,"-",0,0,NA,0
"1260","r07",25,2024-11-27,"ci210",0,NA,"s",1,"-",0,0,NA,0
"1261","r07",25,2024-11-27,"kc216",0,NA,"s",1,"0",1,6,NA,0
"1262","r07",25,2024-11-27,"ki216",1,NA,"s",1,"1",1,6,NA,0
"1263","r07",25,2024-11-27,"cc216",0,NA,"s",1,"-",0,0,NA,0
"1264","r07",25,2024-11-27,"ci216",0,NA,"s",1,"-",0,0,NA,0
"1265","r07",26,2024-11-28,"kc210",0,NA,"w",1,"0",1,0,NA,0
"1266","r07",26,2024-11-28,"ki210",0,NA,"w",1,"1",1,0,NA,0
"1267","r07",26,2024-11-28,"cc210",0,NA,"w",1,"-",0,0,NA,0
"1268","r07",26,2024-11-28,"ci210",0,NA,"w",1,"-",0,0,NA,0
"1269","r07",26,2024-11-28,"kc216",0,NA,"w",1,"1",1,0,NA,0
"1270","r07",26,2024-11-28,"ki216",0,NA,"w",1,"1",1,0,NA,0
"1271","r07",26,2024-11-28,"cc216",0,NA,"w",1,"-",0,0,NA,0
"1272","r07",26,2024-11-28,"ci216",0,NA,"w",1,"-",0,0,NA,0
"1273","r07",27,2024-11-29,"kc210",0,NA,"s",0,"1",1,6,NA,0
"1274","r07",27,2024-11-29,"ki210",0,NA,"s",0,"1",1,3,NA,0
"1275","r07",27,2024-11-29,"cc210",0,NA,"s",0,"-",0,0,NA,0
"1276","r07",27,2024-11-29,"ci210",0,NA,"s",0,"-",0,0,NA,0
"1277","r07",27,2024-11-29,"kc216",0,NA,"s",0,"0",1,1,NA,0
"1278","r07",27,2024-11-29,"ki216",0,NA,"s",0,"0",1,2,NA,0
"1279","r07",27,2024-11-29,"cc216",0,NA,"s",0,"-",0,0,NA,0
"1280","r07",27,2024-11-29,"ci216",0,NA,"s",0,"-",0,0,NA,0
"1281","r07",28,2024-11-30,"kc210",0,NA,"s",0,"-",0,0,NA,0
"1282","r07",28,2024-11-30,"ki210",0,NA,"s",0,"-",0,0,NA,0
"1283","r07",28,2024-11-30,"cc210",0,NA,"s",0,"-",0,0,NA,0
"1284","r07",28,2024-11-30,"ci210",0,NA,"s",0,"-",0,0,NA,0
"1285","r07",28,2024-11-30,"kc216",0,NA,"s",0,"-",0,0,NA,0
"1286","r07",28,2024-11-30,"ki216",0,NA,"s",0,"-",0,0,NA,0
"1287","r07",28,2024-11-30,"cc216",0,NA,"s",0,"-",0,0,NA,0
"1288","r07",28,2024-11-30,"ci216",0,NA,"s",0,"-",0,0,NA,0
"1289","r07",29,2024-12-01,"kc210",0,NA,"s",0,"-",0,0,NA,0
"1290","r07",29,2024-12-01,"ki210",0,NA,"s",0,"-",0,0,NA,0
"1291","r07",29,2024-12-01,"cc210",0,NA,"s",0,"-",0,0,NA,0
"1292","r07",29,2024-12-01,"ci210",0,NA,"s",0,"-",0,0,NA,0
"1293","r07",29,2024-12-01,"kc216",0,NA,"s",0,"-",0,0,NA,0
"1294","r07",29,2024-12-01,"ki216",0,NA,"s",0,"-",0,0,NA,0
"1295","r07",29,2024-12-01,"cc216",0,NA,"s",0,"-",0,0,NA,0
"1296","r07",29,2024-12-01,"ci216",0,NA,"s",0,"-",0,0,NA,0
"1297","r07",30,2024-12-02,"kc210",0,NA,"s",0,"-",0,0,NA,0
"1298","r07",30,2024-12-02,"ki210",0,NA,"s",0,"-",0,0,NA,0
"1299","r07",30,2024-12-02,"cc210",0,NA,"s",0,"-",0,0,NA,0
"1300","r07",30,2024-12-02,"ci210",0,NA,"s",0,"-",0,0,NA,0
"1301","r07",30,2024-12-02,"kc216",0,NA,"s",0,"-",0,0,NA,0
"1302","r07",30,2024-12-02,"ki216",0,NA,"s",0,"-",0,0,NA,0
"1303","r07",30,2024-12-02,"cc216",0,NA,"s",0,"-",0,0,NA,0
"1304","r07",30,2024-12-02,"ci216",0,NA,"s",0,"-",0,0,NA,0
"1305","r08",0,2025-05-15,"kc270",0,NA,"is",0,"-",0,0,NA,0
"1306","r08",0,2025-05-15,"ki270",0,NA,"is",0,"-",0,0,NA,0
"1307","r08",0,2025-05-15,"cc270",0,NA,"is",0,"-",0,0,NA,0
"1308","r08",0,2025-05-15,"ci270",0,NA,"is",0,"-",0,0,NA,0
"1309","r08",0,2025-05-15,"kc276",0,NA,"is",0,"-",0,0,NA,0
"1310","r08",0,2025-05-15,"ki276",0,NA,"is",0,"-",0,0,NA,0
"1311","r08",0,2025-05-15,"cc276",0,NA,"is",0,"-",0,0,NA,0
"1312","r08",0,2025-05-15,"ci276",0,NA,"is",0,"-",0,0,NA,0
"1313","r08",1,2025-05-16,"kc270",1,NA,"s",1,"-",0,0,NA,0
"1314","r08",1,2025-05-16,"ki270",3,NA,"s",1,"-",0,0,NA,0
"1315","r08",1,2025-05-16,"cc270",7,NA,"s",1,"-",0,0,NA,0
"1316","r08",1,2025-05-16,"ci270",3,NA,"s",1,"-",0,0,NA,0
"1317","r08",1,2025-05-16,"kc276",4,NA,"s",1,"-",0,0,NA,0
"1318","r08",1,2025-05-16,"ki276",2,NA,"s",1,"-",0,0,NA,0
"1319","r08",1,2025-05-16,"cc276",5,NA,"s",1,"-",0,0,NA,0
"1320","r08",1,2025-05-16,"ci276",3,NA,"s",1,"-",0,0,NA,0
"1321","r08",2,2025-05-17,"kc270",1,NA,"s",1,"1",1,0,NA,0
"1322","r08",2,2025-05-17,"ki270",1,NA,"s",1,"1",1,0,NA,0
"1323","r08",2,2025-05-17,"cc270",1,NA,"s",1,"1",1,0,NA,0
"1324","r08",2,2025-05-17,"ci270",5,NA,"s",1,"1",1,0,NA,0
"1325","r08",2,2025-05-17,"kc276",0,NA,"s",1,"1",1,0,NA,0
"1326","r08",2,2025-05-17,"ki276",2,NA,"s",1,"1",1,0,NA,0
"1327","r08",2,2025-05-17,"cc276",4,NA,"s",1,"1",1,0,NA,0
"1328","r08",2,2025-05-17,"ci276",4,NA,"s",1,"1",1,0,NA,0
"1329","r08",3,2025-05-18,"kc270",1,NA,"s",1,"1",1,6,NA,0
"1330","r08",3,2025-05-18,"ki270",2,NA,"s",1,"1",1,6,NA,0
"1331","r08",3,2025-05-18,"cc270",3,NA,"s",1,"1",1,6,NA,0
"1332","r08",3,2025-05-18,"ci270",3,NA,"s",1,"1",1,6,NA,0
"1333","r08",3,2025-05-18,"kc276",1,NA,"s",1,"1",1,6,NA,0
"1334","r08",3,2025-05-18,"ki276",0,NA,"s",1,"1",1,6,NA,0
"1335","r08",3,2025-05-18,"cc276",1,NA,"s",1,"1",1,6,NA,0
"1336","r08",3,2025-05-18,"ci276",0,NA,"s",1,"1",1,6,NA,0
"1337","r08",4,2025-05-19,"kc270",2,NA,"s",1,"1",1,0,NA,0
"1338","r08",4,2025-05-19,"ki270",3,NA,"s",1,"1",1,0,NA,0
"1339","r08",4,2025-05-19,"cc270",3,NA,"s",1,"1",1,0,NA,0
"1340","r08",4,2025-05-19,"ci270",19,NA,"s",1,"1",1,0,NA,0
"1341","r08",4,2025-05-19,"kc276",4,NA,"s",1,"1",1,0,NA,0
"1342","r08",4,2025-05-19,"ki276",2,NA,"s",1,"1",1,0,NA,0
"1343","r08",4,2025-05-19,"cc276",5,NA,"s",1,"1",1,0,NA,0
"1344","r08",4,2025-05-19,"ci276",9,NA,"s",1,"1",1,0,NA,0
"1345","r08",5,2025-05-20,"kc270",2,NA,"s",1,"1",1,0,NA,0
"1346","r08",5,2025-05-20,"ki270",6,NA,"s",1,"1",1,0,NA,0
"1347","r08",5,2025-05-20,"cc270",3,NA,"s",1,"1",1,0,NA,0
"1348","r08",5,2025-05-20,"ci270",9,NA,"s",1,"1",1,0,NA,0
"1349","r08",5,2025-05-20,"kc276",8,NA,"s",1,"1",1,0,NA,0
"1350","r08",5,2025-05-20,"ki276",2,NA,"s",1,"1",1,0,NA,0
"1351","r08",5,2025-05-20,"cc276",6,NA,"s",1,"1",1,0,NA,0
"1352","r08",5,2025-05-20,"ci276",9,NA,"s",1,"1",1,0,NA,0
"1353","r08",6,2025-05-21,"kc270",3,NA,"s",1,"1",1,6,NA,0
"1354","r08",6,2025-05-21,"ki270",2,NA,"s",1,"1",1,6,NA,0
"1355","r08",6,2025-05-21,"cc270",1,NA,"s",1,"1",1,6,NA,0
"1356","r08",6,2025-05-21,"ci270",7,NA,"s",1,"1",1,6,NA,0
"1357","r08",6,2025-05-21,"kc276",4,NA,"s",1,"1",1,6,NA,0
"1358","r08",6,2025-05-21,"ki276",4,NA,"s",1,"1",1,6,NA,0
"1359","r08",6,2025-05-21,"cc276",6,NA,"s",1,"1",1,6,NA,0
"1360","r08",6,2025-05-21,"ci276",11,NA,"s",1,"1",1,6,NA,0
"1361","r08",7,2025-05-22,"kc270",4,NA,"w",1,"1",1,0,NA,0
"1362","r08",7,2025-05-22,"ki270",4,NA,"w",1,"1",1,4,1,8
"1363","r08",7,2025-05-22,"cc270",2,NA,"w",1,"1",1,0,NA,0
"1364","r08",7,2025-05-22,"ci270",3,NA,"w",1,"1",1,4,1,8
"1365","r08",7,2025-05-22,"kc276",3,NA,"w",1,"1",1,0,NA,0
"1366","r08",7,2025-05-22,"ki276",2,NA,"w",1,"1",1,4,1,8
"1367","r08",7,2025-05-22,"cc276",8,NA,"w",1,"1",1,0,NA,0
"1368","r08",7,2025-05-22,"ci276",9,NA,"w",1,"1",1,4,1,8
"1369","r08",8,2025-05-23,"kc270",2,NA,"bs",1,"1",1,0,NA,0
"1370","r08",8,2025-05-23,"ki270",2,NA,"bs",1,"1",1,4,1,8
"1371","r08",8,2025-05-23,"cc270",4,NA,"bs",1,"1",1,0,NA,0
"1372","r08",8,2025-05-23,"ci270",8,NA,"bs",1,"1",1,4,1,8
"1373","r08",8,2025-05-23,"kc276",2,NA,"bs",1,"1",1,0,NA,0
"1374","r08",8,2025-05-23,"ki276",1,NA,"bs",1,"1",1,4,1,8
"1375","r08",8,2025-05-23,"cc276",3,NA,"bs",1,"1",1,0,NA,0
"1376","r08",8,2025-05-23,"ci276",16,NA,"bs",1,"1",1,4,1,8
"1377","r08",9,2025-05-24,"kc270",5,NA,"s",1,"1",1,6,NA,0
"1378","r08",9,2025-05-24,"ki270",9,NA,"s",1,"1",1,4,1,8
"1379","r08",9,2025-05-24,"cc270",9,NA,"s",1,"1",1,6,NA,0
"1380","r08",9,2025-05-24,"ci270",5,NA,"s",1,"1",1,4,1,8
"1381","r08",9,2025-05-24,"kc276",4,NA,"s",1,"1",1,6,NA,0
"1382","r08",9,2025-05-24,"ki276",5,NA,"s",1,"1",1,3,1,6
"1383","r08",9,2025-05-24,"cc276",8,NA,"s",1,"1",1,6,NA,0
"1384","r08",9,2025-05-24,"ci276",21,NA,"s",1,"1",1,4,1,8
"1385","r08",10,2025-05-25,"kc270",4,NA,"s",1,"1",1,0,NA,0
"1386","r08",10,2025-05-25,"ki270",4,NA,"s",1,"1",1,4,1,8
"1387","r08",10,2025-05-25,"cc270",2,NA,"s",1,"1",1,0,NA,0
"1388","r08",10,2025-05-25,"ci270",11,NA,"s",1,"1",1,4,1,8
"1389","r08",10,2025-05-25,"kc276",3,NA,"s",1,"1",1,0,NA,0
"1390","r08",10,2025-05-25,"ki276",4,NA,"s",1,"1",1,4,1,8
"1391","r08",10,2025-05-25,"cc276",4,NA,"s",1,"1",1,0,NA,0
"1392","r08",10,2025-05-25,"ci276",18,NA,"s",1,"1",1,4,1,8
"1393","r08",11,2025-05-26,"kc270",4,NA,"w",1,"1",1,6,NA,0
"1394","r08",11,2025-05-26,"ki270",0,NA,"w",1,"1",1,4,1,8
"1395","r08",11,2025-05-26,"cc270",13,NA,"w",1,"1",1,6,NA,0
"1396","r08",11,2025-05-26,"ci270",15,NA,"w",1,"1",1,4,1,8
"1397","r08",11,2025-05-26,"kc276",5,NA,"w",1,"1",1,6,NA,0
"1398","r08",11,2025-05-26,"ki276",5,NA,"w",1,"1",1,4,1,8
"1399","r08",11,2025-05-26,"cc276",6,NA,"w",1,"1",1,6,NA,0
"1400","r08",11,2025-05-26,"ci276",7,NA,"w",1,"1",1,4,1,8
"1401","r08",12,2025-05-27,"kc270",3,NA,"bs",1,"1",1,0,NA,0
"1402","r08",12,2025-05-27,"ki270",1,NA,"bs",1,"1",1,4,1,8
"1403","r08",12,2025-05-27,"cc270",11,NA,"bs",1,"1",1,0,NA,0
"1404","r08",12,2025-05-27,"ci270",6,NA,"bs",1,"1",1,4,1,8
"1405","r08",12,2025-05-27,"kc276",1,NA,"bs",1,"1",1,0,NA,0
"1406","r08",12,2025-05-27,"ki276",5,NA,"bs",1,"1",1,5,1,10
"1407","r08",12,2025-05-27,"cc276",7,NA,"bs",1,"1",1,0,NA,0
"1408","r08",12,2025-05-27,"ci276",6,NA,"bs",1,"1",1,4,1,8
"1409","r08",13,2025-05-28,"kc270",10,NA,"s",1,"1",1,6,NA,0
"1410","r08",13,2025-05-28,"ki270",3,NA,"s",1,"1",1,4,1,8
"1411","r08",13,2025-05-28,"cc270",18,NA,"s",1,"1",1,6,NA,0
"1412","r08",13,2025-05-28,"ci270",5,NA,"s",1,"1",1,4,1,8
"1413","r08",13,2025-05-28,"kc276",6,NA,"s",1,"1",1,6,NA,0
"1414","r08",13,2025-05-28,"ki276",8,NA,"s",1,"1",1,3,1,6
"1415","r08",13,2025-05-28,"cc276",15,NA,"s",1,"1",1,6,NA,0
"1416","r08",13,2025-05-28,"ci276",3,NA,"s",1,"1",1,4,1,8
"1417","r08",14,2025-05-29,"kc270",4,NA,"s",1,"1",1,0,NA,0
"1418","r08",14,2025-05-29,"ki270",0,NA,"s",1,"1",1,4,1,8
"1419","r08",14,2025-05-29,"cc270",6,NA,"s",1,"1",1,0,NA,0
"1420","r08",14,2025-05-29,"ci270",0,NA,"s",1,"1",1,4,1,8
"1421","r08",14,2025-05-29,"kc276",2,NA,"s",1,"1",1,0,NA,0
"1422","r08",14,2025-05-29,"ki276",12,NA,"s",1,"1",1,4,1,8
"1423","r08",14,2025-05-29,"cc276",6,NA,"s",1,"1",1,0,NA,0
"1424","r08",14,2025-05-29,"ci276",2,NA,"s",1,"1",1,4,1,8
"1425","r08",15,2025-05-30,"kc270",1,NA,"w",1,"1",1,6,NA,0
"1426","r08",15,2025-05-30,"ki270",1,NA,"w",1,"1",1,4,1,8
"1427","r08",15,2025-05-30,"cc270",3,NA,"w",1,"1",1,6,NA,0
"1428","r08",15,2025-05-30,"ci270",7,NA,"w",1,"1",1,4,1,8
"1429","r08",15,2025-05-30,"kc276",2,NA,"w",1,"1",1,6,NA,0
"1430","r08",15,2025-05-30,"ki276",3,NA,"w",1,"1",1,4,1,8
"1431","r08",15,2025-05-30,"cc276",2,NA,"w",1,"1",1,6,NA,0
"1432","r08",15,2025-05-30,"ci276",0,NA,"w",1,"1",1,4,1,8
"1433","r08",16,2025-05-31,"kc270",7,NA,"bs",1,"1",1,0,NA,0
"1434","r08",16,2025-05-31,"ki270",1,NA,"bs",1,"1",1,4,1,8
"1435","r08",16,2025-05-31,"cc270",8,NA,"bs",1,"1",1,0,NA,0
"1436","r08",16,2025-05-31,"ci270",4,NA,"bs",1,"1",1,4,1,8
"1437","r08",16,2025-05-31,"kc276",7,NA,"bs",1,"1",1,0,NA,0
"1438","r08",16,2025-05-31,"ki276",3,NA,"bs",1,"1",1,4,1,8
"1439","r08",16,2025-05-31,"cc276",4,NA,"bs",1,"1",1,0,NA,0
"1440","r08",16,2025-05-31,"ci276",3,NA,"bs",1,"1",1,4,1,8
"1441","r08",17,2025-06-01,"kc270",4,NA,"s",1,"1",1,6,NA,0
"1442","r08",17,2025-06-01,"ki270",1,NA,"s",1,"1",1,4,1,8
"1443","r08",17,2025-06-01,"cc270",2,NA,"s",1,"1",1,6,NA,0
"1444","r08",17,2025-06-01,"ci270",1,NA,"s",0,"1",1,4,1,8
"1445","r08",17,2025-06-01,"kc276",1,NA,"s",1,"1",1,6,NA,0
"1446","r08",17,2025-06-01,"ki276",2,NA,"s",1,"1",1,4,1,8
"1447","r08",17,2025-06-01,"cc276",3,NA,"s",1,"1",1,6,NA,0
"1448","r08",17,2025-06-01,"ci276",0,NA,"s",1,"1",1,4,1,8
"1449","r08",18,2025-06-02,"kc270",0,NA,"s",1,"1",1,0,NA,0
"1450","r08",18,2025-06-02,"ki270",0,NA,"s",1,"1",1,4,1,8
"1451","r08",18,2025-06-02,"cc270",6,NA,"s",1,"1",1,0,NA,0
"1452","r08",18,2025-06-02,"ci270",0,NA,"s",0,"-",0,0,NA,0
"1453","r08",18,2025-06-02,"kc276",2,NA,"s",1,"1",1,0,NA,0
"1454","r08",18,2025-06-02,"ki276",2,NA,"s",1,"1",1,4,1,8
"1455","r08",18,2025-06-02,"cc276",3,NA,"s",1,"1",1,0,NA,0
"1456","r08",18,2025-06-02,"ci276",1,NA,"s",1,"1",1,3,1,6
"1457","r08",19,2025-06-03,"kc270",4,NA,"w",1,"1",1,6,NA,0
"1458","r08",19,2025-06-03,"ki270",0,NA,"w",1,"1",1,2,1,4
"1459","r08",19,2025-06-03,"cc270",2,NA,"w",1,"1",1,6,NA,0
"1460","r08",19,2025-06-03,"ci270",0,NA,"w",1,"-",0,0,NA,0
"1461","r08",19,2025-06-03,"kc276",2,NA,"w",1,"1",1,6,NA,0
"1462","r08",19,2025-06-03,"ki276",3,NA,"w",1,"1",1,4,1,8
"1463","r08",19,2025-06-03,"cc276",3,NA,"w",1,"1",1,6,NA,0
"1464","r08",19,2025-06-03,"ci276",0,NA,"w",1,"-",0,0,NA,0
"1465","r08",20,2025-06-04,"kc270",0,NA,"s",1,"1",1,0,NA,0
"1466","r08",20,2025-06-04,"ki270",0,NA,"s",1,"-",0,0,NA,0
"1467","r08",20,2025-06-04,"cc270",0,NA,"s",1,"1",1,0,NA,0
"1468","r08",20,2025-06-04,"ci270",0,NA,"s",1,"-",0,0,NA,0
"1469","r08",20,2025-06-04,"kc276",2,NA,"s",1,"1",1,0,NA,0
"1470","r08",20,2025-06-04,"ki276",1,NA,"s",1,"1",1,4,1,8
"1471","r08",20,2025-06-04,"cc276",1,NA,"s",1,"1",1,0,NA,0
"1472","r08",20,2025-06-04,"ci276",0,NA,"s",1,"-",0,0,NA,0
"1473","r08",21,2025-06-05,"kc270",1,NA,"s",1,"1",1,6,NA,0
"1474","r08",21,2025-06-05,"ki270",0,NA,"s",1,"-",0,0,NA,0
"1475","r08",21,2025-06-05,"cc270",0,NA,"s",1,"1",1,5,NA,0
"1476","r08",21,2025-06-05,"ci270",0,NA,"s",1,"-",0,0,NA,0
"1477","r08",21,2025-06-05,"kc276",2,NA,"s",1,"1",1,6,NA,0
"1478","r08",21,2025-06-05,"ki276",1,NA,"s",1,"1",1,4,1,8
"1479","r08",21,2025-06-05,"cc276",3,NA,"s",1,"1",1,2,NA,0
"1480","r08",21,2025-06-05,"ci276",0,NA,"s",1,"-",0,0,NA,0
"1481","r08",22,2025-06-06,"kc270",0,NA,"s",1,"1",1,0,NA,0
"1482","r08",22,2025-06-06,"ki270",0,NA,"s",1,"-",0,0,NA,0
"1483","r08",22,2025-06-06,"cc270",0,NA,"s",1,"-",0,0,NA,0
"1484","r08",22,2025-06-06,"ci270",0,NA,"s",1,"-",0,0,NA,0
"1485","r08",22,2025-06-06,"kc276",0,NA,"s",1,"1",1,0,NA,0
"1486","r08",22,2025-06-06,"ki276",0,NA,"s",1,"1",1,4,1,8
"1487","r08",22,2025-06-06,"cc276",0,NA,"s",1,"-",0,0,NA,0
"1488","r08",22,2025-06-06,"ci276",0,NA,"s",1,"-",0,0,NA,0
"1489","r08",23,2025-06-07,"kc270",0,NA,"s",1,"1",1,7,NA,0
"1490","r08",23,2025-06-07,"ki270",0,NA,"s",1,"-",0,0,NA,0
"1491","r08",23,2025-06-07,"cc270",0,NA,"s",1,"-",0,0,NA,0
"1492","r08",23,2025-06-07,"ci270",0,NA,"s",1,"-",0,0,NA,0
"1493","r08",23,2025-06-07,"kc276",1,NA,"s",1,"1",1,3,NA,0
"1494","r08",23,2025-06-07,"ki276",0,NA,"s",1,"-",0,0,NA,0
"1495","r08",23,2025-06-07,"cc276",0,NA,"s",1,"-",0,0,NA,0
"1496","r08",23,2025-06-07,"ci276",0,NA,"s",1,"-",0,0,NA,0
"1497","r09",1,2025-07-10,"kc270",4,NA,"s",1,"-",0,0,NA,0
"1498","r09",1,2025-07-10,"ki270",2,NA,"s",1,"-",0,0,NA,0
"1499","r09",1,2025-07-10,"cc270",1,NA,"s",1,"-",0,0,NA,0
"1500","r09",1,2025-07-10,"ci270",5,NA,"s",1,"-",0,0,NA,0
"1501","r09",1,2025-07-10,"kc276",0,NA,"s",1,"-",0,0,NA,0
"1502","r09",1,2025-07-10,"ki276",6,NA,"s",1,"-",0,0,NA,0
"1503","r09",1,2025-07-10,"cc276",4,NA,"s",1,"-",0,0,NA,0
"1504","r09",1,2025-07-10,"ci276",5,NA,"s",1,"-",0,0,NA,0
"1505","r09",2,2025-07-11,"kc270",0,NA,"s",1,"1",1,0,NA,0
"1506","r09",2,2025-07-11,"ki270",4,NA,"s",1,"1",1,0,NA,0
"1507","r09",2,2025-07-11,"cc270",0,NA,"s",1,"1",1,0,NA,0
"1508","r09",2,2025-07-11,"ci270",0,NA,"s",1,"1",1,0,NA,0
"1509","r09",2,2025-07-11,"kc276",0,NA,"s",1,"1",1,0,NA,0
"1510","r09",2,2025-07-11,"ki276",1,NA,"s",1,"1",1,0,NA,0
"1511","r09",2,2025-07-11,"cc276",0,NA,"s",1,"1",1,0,NA,0
"1512","r09",2,2025-07-11,"ci276",4,NA,"s",1,"1",1,0,NA,0
"1513","r09",3,2025-07-12,"kc270",1,NA,"s",1,"1",1,6,NA,0
"1514","r09",3,2025-07-12,"ki270",2,NA,"s",1,"1",1,6,NA,0
"1515","r09",3,2025-07-12,"cc270",2,NA,"s",1,"1",1,6,NA,0
"1516","r09",3,2025-07-12,"ci270",10,NA,"s",1,"1",1,6,NA,0
"1517","r09",3,2025-07-12,"kc276",0,NA,"s",1,"1",1,6,NA,0
"1518","r09",3,2025-07-12,"ki276",5,NA,"s",1,"1",1,6,NA,0
"1519","r09",3,2025-07-12,"cc276",2,NA,"s",1,"1",1,6,NA,0
"1520","r09",3,2025-07-12,"ci276",11,NA,"s",1,"1",1,6,NA,0
"1521","r09",4,2025-07-13,"kc270",2,NA,"s",1,"1",1,0,NA,0
"1522","r09",4,2025-07-13,"ki270",18,NA,"s",1,"1",1,0,NA,0
"1523","r09",4,2025-07-13,"cc270",1,NA,"s",1,"1",1,0,NA,0
"1524","r09",4,2025-07-13,"ci270",14,NA,"s",1,"1",1,0,NA,0
"1525","r09",4,2025-07-13,"kc276",4,NA,"s",1,"1",1,0,NA,0
"1526","r09",4,2025-07-13,"ki276",14,NA,"s",1,"1",1,0,NA,0
"1527","r09",4,2025-07-13,"cc276",5,NA,"s",1,"1",1,0,NA,0
"1528","r09",4,2025-07-13,"ci276",13,NA,"s",1,"1",1,0,NA,0
"1529","r09",5,2025-07-14,"kc270",0,NA,"s",1,"1",1,0,NA,0
"1530","r09",5,2025-07-14,"ki270",13,NA,"s",1,"1",1,0,NA,0
"1531","r09",5,2025-07-14,"cc270",0,NA,"s",1,"1",1,0,NA,0
"1532","r09",5,2025-07-14,"ci270",11,NA,"s",1,"1",1,0,NA,0
"1533","r09",5,2025-07-14,"kc276",0,NA,"s",1,"1",1,0,NA,0
"1534","r09",5,2025-07-14,"ki276",8,NA,"s",1,"1",1,0,NA,0
"1535","r09",5,2025-07-14,"cc276",10,NA,"s",1,"1",1,0,NA,0
"1536","r09",5,2025-07-14,"ci276",16,NA,"w",1,"1",1,0,NA,0
"1537","r09",6,2025-07-15,"kc270",1,NA,"w",1,"1",1,6,NA,0
"1538","r09",6,2025-07-15,"ki270",4,NA,"w",1,"1",1,6,NA,0
"1539","r09",6,2025-07-15,"cc270",0,NA,"w",1,"1",1,6,NA,0
"1540","r09",6,2025-07-15,"ci270",7,NA,"w",1,"1",1,6,NA,0
"1541","r09",6,2025-07-15,"kc276",0,NA,"w",1,"1",1,6,NA,0
"1542","r09",6,2025-07-15,"ki276",9,NA,"w",1,"1",1,6,NA,0
"1543","r09",6,2025-07-15,"cc276",6,NA,"w",1,"1",1,6,NA,0
"1544","r09",6,2025-07-15,"ci276",9,NA,"w",1,"1",1,6,NA,0
"1545","r09",7,2025-07-16,"kc270",3,NA,"bs",1,"1",1,0,NA,0
"1546","r09",7,2025-07-16,"ki270",1,NA,"bs",1,"1",1,4,1,8
"1547","r09",7,2025-07-16,"cc270",2,NA,"bs",1,"1",1,0,NA,0
"1548","r09",7,2025-07-16,"ci270",13,NA,"bs",1,"1",1,4,1,8
"1549","r09",7,2025-07-16,"kc276",0,NA,"bs",1,"1",1,0,NA,0
"1550","r09",7,2025-07-16,"ki276",2,NA,"bs",1,"1",1,4,1,8
"1551","r09",7,2025-07-16,"cc276",8,NA,"bs",1,"1",1,0,NA,0
"1552","r09",7,2025-07-16,"ci276",5,NA,"bs",1,"1",1,4,1,8
"1553","r09",8,2025-07-17,"kc270",0,NA,"s",1,"1",1,0,NA,0
"1554","r09",8,2025-07-17,"ki270",10,NA,"s",1,"1",1,4,1,8
"1555","r09",8,2025-07-17,"cc270",4,NA,"s",1,"1",1,0,NA,0
"1556","r09",8,2025-07-17,"ci270",5,NA,"s",1,"1",1,4,1,8
"1557","r09",8,2025-07-17,"kc276",4,NA,"s",1,"1",1,0,NA,0
"1558","r09",8,2025-07-17,"ki276",12,NA,"s",1,"1",1,4,1,8
"1559","r09",8,2025-07-17,"cc276",9,NA,"s",1,"1",1,0,NA,0
"1560","r09",8,2025-07-17,"ci276",11,NA,"s",1,"1",1,4,1,8
"1561","r09",9,2025-07-18,"kc270",0,NA,"s",1,"1",1,6,NA,0
"1562","r09",9,2025-07-18,"ki270",15,NA,"s",1,"1",1,4,1,8
"1563","r09",9,2025-07-18,"cc270",3,NA,"s",1,"1",1,6,NA,0
"1564","r09",9,2025-07-18,"ci270",5,NA,"s",1,"1",1,4,1,8
"1565","r09",9,2025-07-18,"kc276",6,NA,"s",1,"1",1,6,NA,0
"1566","r09",9,2025-07-18,"ki276",19,NA,"s",1,"1",1,4,1,8
"1567","r09",9,2025-07-18,"cc276",8,NA,"s",1,"1",1,6,NA,0
"1568","r09",9,2025-07-18,"ci276",2,NA,"s",1,"1",1,4,1,8
"1569","r09",10,2025-07-19,"kc270",2,NA,"w",1,"1",1,0,NA,0
"1570","r09",10,2025-07-19,"ki270",2,NA,"w",1,"1",1,4,1,8
"1571","r09",10,2025-07-19,"cc270",2,NA,"w",1,"1",1,0,NA,0
"1572","r09",10,2025-07-19,"ci270",1,NA,"w",1,"1",1,4,1,8
"1573","r09",10,2025-07-19,"kc276",0,NA,"w",1,"1",1,0,NA,0
"1574","r09",10,2025-07-19,"ki276",2,NA,"w",1,"1",1,4,1,8
"1575","r09",10,2025-07-19,"cc276",2,NA,"w",1,"1",1,0,NA,0
"1576","r09",10,2025-07-19,"ci276",2,NA,"w",1,"1",1,4,1,8
"1577","r09",11,2025-07-20,"kc270",5,NA,"s",1,"1",1,6,NA,0
"1578","r09",11,2025-07-20,"ki270",2,NA,"s",1,"1",1,6,0,0
"1579","r09",11,2025-07-20,"cc270",7,NA,"s",1,"1",1,6,NA,0
"1580","r09",11,2025-07-20,"ci270",5,NA,"s",1,"1",1,6,0,0
"1581","r09",11,2025-07-20,"kc276",6,NA,"s",1,"1",1,6,NA,0
"1582","r09",11,2025-07-20,"ki276",12,NA,"s",1,"1",1,4,1,8
"1583","r09",11,2025-07-20,"cc276",4,NA,"s",1,"1",1,6,NA,0
"1584","r09",11,2025-07-20,"ci276",5,NA,"s",1,"1",1,4,1,8
"1585","r09",12,2025-07-21,"kc270",1,NA,"s",1,"1",1,0,NA,0
"1586","r09",12,2025-07-21,"ki270",3,NA,"s",1,"1",1,0,NA,0
"1587","r09",12,2025-07-21,"cc270",4,NA,"s",1,"1",1,0,NA,0
"1588","r09",12,2025-07-21,"ci270",6,NA,"s",1,"1",1,0,NA,0
"1589","r09",12,2025-07-21,"kc276",3,NA,"s",1,"1",1,0,NA,0
"1590","r09",12,2025-07-21,"ki276",4,NA,"s",1,"1",1,4,1,8
"1591","r09",12,2025-07-21,"cc276",4,NA,"s",1,"1",1,0,NA,0
"1592","r09",12,2025-07-21,"ci276",2,NA,"s",1,"1",1,0,NA,0
"1593","r09",13,2025-07-22,"kc270",2,NA,"s",1,"1",1,6,NA,0
"1594","r09",13,2025-07-22,"ki270",6,NA,"s",1,"1",1,6,0,0
"1595","r09",13,2025-07-22,"cc270",4,NA,"s",1,"1",1,6,NA,0
"1596","r09",13,2025-07-22,"ci270",8,NA,"s",1,"1",1,6,0,0
"1597","r09",13,2025-07-22,"kc276",3,NA,"s",1,"1",1,6,NA,0
"1598","r09",13,2025-07-22,"ki276",3,NA,"s",1,"1",1,4,1,8
"1599","r09",13,2025-07-22,"cc276",0,NA,"s",1,"1",1,6,NA,0
"1600","r09",13,2025-07-22,"ci276",1,NA,"s",1,"1",1,6,0,0
"1601","r09",14,2025-07-23,"kc270",1,NA,"w",1,"1",1,0,NA,0
"1602","r09",14,2025-07-23,"ki270",3,NA,"w",1,"1",1,0,NA,0
"1603","r09",14,2025-07-23,"cc270",3,NA,"w",1,"1",1,0,NA,0
"1604","r09",14,2025-07-23,"ci270",4,NA,"w",1,"1",1,0,NA,0
"1605","r09",14,2025-07-23,"kc276",2,NA,"w",1,"1",1,0,NA,0
"1606","r09",14,2025-07-23,"ki276",1,NA,"w",1,"1",1,4,1,8
"1607","r09",14,2025-07-23,"cc276",2,NA,"w",1,"1",1,0,NA,0
"1608","r09",14,2025-07-23,"ci276",1,NA,"w",1,"1",1,0,NA,0
"1609","r09",15,2025-07-24,"kc270",0,NA,"bs",1,"1",1,6,0,0
"1610","r09",15,2025-07-24,"ki270",1,NA,"bs",1,"1",1,6,0,0
"1611","r09",15,2025-07-24,"cc270",1,NA,"bs",1,"1",1,6,0,0
"1612","r09",15,2025-07-24,"ci270",4,NA,"bs",1,"1",1,6,0,0
"1613","r09",15,2025-07-24,"kc276",1,NA,"bs",1,"1",1,6,0,0
"1614","r09",15,2025-07-24,"ki276",0,NA,"bs",1,"1",1,4,1,8
"1615","r09",15,2025-07-24,"cc276",2,NA,"bs",1,"1",1,6,0,0
"1616","r09",15,2025-07-24,"ci276",0,NA,"bs",1,"1",1,6,0,0
"1617","r09",16,2025-07-25,"kc270",1,NA,"s",1,"1",1,0,0,0
"1618","r09",16,2025-07-25,"ki270",2,NA,"s",1,"1",1,0,0,0
"1619","r09",16,2025-07-25,"cc270",3,NA,"s",1,"1",1,0,0,0
"1620","r09",16,2025-07-25,"ci270",3,NA,"s",1,"1",1,0,0,0
"1621","r09",16,2025-07-25,"kc276",1,NA,"s",1,"1",1,0,0,0
"1622","r09",16,2025-07-25,"ki276",1,NA,"s",1,"1",1,4,1,8
"1623","r09",16,2025-07-25,"cc276",3,NA,"s",1,"1",1,0,0,0
"1624","r09",16,2025-07-25,"ci276",0,NA,"s",1,"1",1,0,0,0
"1625","r09",17,2025-07-26,"kc270",1,NA,"s",1,"1",1,6,0,0
"1626","r09",17,2025-07-26,"ki270",2,NA,"s",1,"1",1,6,0,0
"1627","r09",17,2025-07-26,"cc270",1,NA,"s",1,"1",1,6,0,0
"1628","r09",17,2025-07-26,"ci270",0,NA,"s",1,"1",1,6,0,0
"1629","r09",17,2025-07-26,"kc276",5,NA,"s",1,"1",1,6,0,0
"1630","r09",17,2025-07-26,"ki276",4,NA,"s",1,"1",1,4,1,8
"1631","r09",17,2025-07-26,"cc276",1,NA,"s",1,"1",1,6,0,0
"1632","r09",17,2025-07-26,"ci276",0,NA,"s",1,"1",1,6,0,0
"1633","r09",18,2025-07-27,"kc270",1,NA,"w",1,"1",1,0,0,0
"1634","r09",18,2025-07-27,"ki270",0,NA,"w",1,"1",1,0,0,0
"1635","r09",18,2025-07-27,"cc270",2,NA,"w",1,"1",1,0,0,0
"1636","r09",18,2025-07-27,"ci270",0,NA,"w",1,"1",1,0,0,0
"1637","r09",18,2025-07-27,"kc276",1,NA,"w",1,"1",1,0,0,0
"1638","r09",18,2025-07-27,"ki276",0,NA,"w",1,"1",1,4,1,8
"1639","r09",18,2025-07-27,"cc276",0,NA,"w",1,"1",1,0,0,0
"1640","r09",18,2025-07-27,"ci276",0,NA,"w",1,"1",1,0,0,0
"1641","r09",19,2025-07-28,"kc270",0,NA,"s",1,"1",1,6,0,0
"1642","r09",19,2025-07-28,"ki270",2,NA,"s",1,"1",1,6,0,0
"1643","r09",19,2025-07-28,"cc270",3,NA,"s",1,"1",1,6,0,0
"1644","r09",19,2025-07-28,"ci270",0,NA,"s",1,"1",1,6,0,0
"1645","r09",19,2025-07-28,"kc276",3,NA,"s",1,"1",1,6,0,0
"1646","r09",19,2025-07-28,"ki276",0,NA,"s",1,"1",1,4,1,8
"1647","r09",19,2025-07-28,"cc276",1,NA,"s",1,"1",1,6,0,0
"1648","r09",19,2025-07-28,"ci276",0,NA,"s",1,"1",1,3,0,0
"1649","r09",20,2025-07-29,"kc270",0,NA,"s",1,"1",1,0,0,0
"1650","r09",20,2025-07-29,"ki270",1,NA,"s",1,"1",1,0,0,0
"1651","r09",20,2025-07-29,"cc270",1,NA,"s",1,"1",1,0,0,0
"1652","r09",20,2025-07-29,"ci270",0,NA,"s",1,"1",1,0,0,0
"1653","r09",20,2025-07-29,"kc276",1,NA,"s",1,"1",1,0,0,0
"1654","r09",20,2025-07-29,"ki276",0,NA,"s",1,"1",1,4,1,8
"1655","r09",20,2025-07-29,"cc276",0,NA,"s",1,"-",0,0,0,0
"1656","r09",20,2025-07-29,"ci276",0,NA,"s",1,"-",0,0,0,0
"1657","r09",21,2025-07-30,"kc270",0,NA,"s",1,"1",1,6,0,0
"1658","r09",21,2025-07-30,"ki270",0,NA,"s",1,"1",1,6,0,0
"1659","r09",21,2025-07-30,"cc270",1,NA,"s",1,"1",1,6,0,0
"1660","r09",21,2025-07-30,"ci270",0,NA,"s",1,"1",1,1,0,0
"1661","r09",21,2025-07-30,"kc276",0,NA,"s",1,"1",1,6,0,0
"1662","r09",21,2025-07-30,"ki276",1,NA,"s",1,"1",1,2,1,4
"1663","r09",21,2025-07-30,"cc276",0,NA,"s",1,"-",0,0,0,0
"1664","r09",21,2025-07-30,"ci276",0,NA,"s",1,"-",0,0,0,0
"1665","r09",22,2025-07-31,"kc270",0,NA,"w",1,"-",0,0,0,0
"1666","r09",22,2025-07-31,"ki270",0,NA,"w",1,"1",1,0,0,0
"1667","r09",22,2025-07-31,"cc270",0,NA,"w",1,"1",1,0,0,0
"1668","r09",22,2025-07-31,"ci270",0,NA,"w",1,"-",0,0,0,0
"1669","r09",22,2025-07-31,"kc276",0,NA,"w",1,"1",1,0,0,0
"1670","r09",22,2025-07-31,"ki276",0,NA,"w",1,"-",0,0,0,0
"1671","r09",22,2025-07-31,"cc276",0,NA,"w",1,"-",0,0,0,0
"1672","r09",22,2025-07-31,"ci276",0,NA,"w",1,"-",0,0,0,0
"1673","r09",23,2025-08-01,"kc270",0,NA,"s",1,"-",0,0,0,0
"1674","r09",23,2025-08-01,"ki270",0,NA,"s",1,"1",1,3,0,0
"1675","r09",23,2025-08-01,"cc270",0,NA,"s",1,"1",1,6,0,0
"1676","r09",23,2025-08-01,"ci270",0,NA,"s",1,"-",0,0,0,0
"1677","r09",23,2025-08-01,"kc276",0,NA,"s",1,"1",1,1,0,0
"1678","r09",23,2025-08-01,"ki276",0,NA,"s",1,"-",0,0,0,0
"1679","r09",23,2025-08-01,"cc276",0,NA,"s",1,"-",0,0,0,0
"1680","r09",23,2025-08-01,"ci276",0,NA,"s",1,"-",0,0,0,0
